Sample_Data_Key__c,AccountId,FirstName,LastName,Role_in_Wedding__c,LeadSource,MailingStreet,MailingCity,MailingState,MailingPostalCode,MailingCountry,MobilePhone,Email,Preferred_Contact_Method__c
1,1,Morley,Ebbings,Groom,Website,"31 Douglas Blvd, #950",Clovis,NM,88101,United States,(505) 975-8559,mebbings@yahoo.com.invalid,Email
2,2,Thurston,Massard,Groom,The Knot,44 W 4th St,Staten Island,NY,10309,United States,(718) 332-6527,tmassard@yahoo.com.invalid,Mobile Phone
3,3,Vivienne,Aldrick,Bride,Wedding Wire,11279 Loytan St,Jacksonville,FL,32254,United States,(904) 775-4480,valdrick@yahoo.com.invalid,Text
4,4,Sally,Blackey,Bride,Wedding Expos,69 Marquette Ave,Hayward,CA,94545,United States,(510) 993-3758,sblackey@yahoo.com.invalid,Email
5,5,Juliette,Viscovi,Bride,Customer Referrals,70 W Main St,Beachwood,OH,44122,United States,(216) 657-7668,jviscovi@yahoo.com.invalid,Mobile Phone
6,6,Stacee,Drioli,Groom,Employee Referrals,"461 Prospect Pl, #316",Euless,TX,76040,United States,(817) 914-7518,sdrioli@yahoo.com.invalid,Text
7,7,Kristofor,Heddan,Groom,Inbound Calls,47154 Whipple Ave Nw,Gardena,CA,90247,United States,(310) 774-7643,kheddan@yahoo.com.invalid,Email
8,8,Ronnie,Toomey,Groom,Venue Referral,37 Alabama Ave,Evanston,IL,60201,United States,(847) 728-7286,rtoomey@yahoo.com.invalid,Mobile Phone
9,9,Vinson,Jakubczyk,Groom,Vendor Referral,"3777 E Richmond St, #900",Akron,OH,44302,United States,(330) 537-5358,vjakubczyk@yahoo.com.invalid,Text
10,10,Angy,Skentelbury,Bride,Website,3 Fort Worth Ave,Philadelphia,PA,19106,United States,(215) 255-1641,askentelbury@yahoo.com.invalid,Email
11,11,Paton,Boorman,Groom,The Knot,4800 Black Horse Pike,Burlingame,CA,94010,United States,(650) 803-1936,pboorman@yahoo.com.invalid,Mobile Phone
12,12,Raquela,Hoofe,Bride,Wedding Wire,83649 W Belmont Ave,San Gabriel,CA,91776,United States,(626) 572-1096,rhoofe@yahoo.com.invalid,Text
13,13,Teri,Beggio,Bride,Wedding Expos,840 15th Ave,Waco,TX,76708,United States,(254) 782-8569,tbeggio@yahoo.com.invalid,Email
14,14,Korry,Langhorn,Bride,Customer Referrals,"1747 Calle Amanecer, #2",Anchorage,AK,99501,United States,(907) 870-5536,klanghorn@yahoo.com.invalid,Mobile Phone
15,15,Garvin,Speller,Groom,Employee Referrals,"99385 Charity St, #840",San Jose,CA,95110,United States,(408) 703-8505,gspeller@yahoo.com.invalid,Text
16,16,Zachary,Belin,Groom,Inbound Calls,68556 Central Hwy,San Leandro,CA,94577,United States,(510) 503-7169,zbelin@yahoo.com.invalid,Email
17,17,Tani,Flaws,Bride,Venue Referral,55 Riverside Ave,Indianapolis,IN,46202,United States,(317) 722-5066,tflaws@yahoo.com.invalid,Mobile Phone
18,18,Lonee,Lemoir,Bride,Vendor Referral,7140 University Ave,Rock Springs,WY,82901,United States,(307) 704-8713,llemoir@yahoo.com.invalid,Text
19,19,Orbadiah,Degan,Groom,Website,"64 5th Ave, #1153",Mc Lean,VA,22102,United States,(703) 235-3937,odegan@yahoo.com.invalid,Email
20,20,Cecilia,Petric,Bride,The Knot,3 Secor Rd,New Orleans,LA,70112,United States,(504) 710-5840,cpetric@yahoo.com.invalid,Mobile Phone
21,21,Carin,Foulkes,Bride,Wedding Wire,4 Webbs Chapel Rd,Boulder,CO,80303,United States,(303) 301-4946,cfoulkes@yahoo.com.invalid,Text
22,22,Carla,Uglow,Bride,Wedding Expos,524 Louisiana Ave Nw,San Leandro,CA,94577,United States,(510) 828-7047,cuglow@yahoo.com.invalid,Email
23,23,Nefen,Padginton,Groom,Customer Referrals,185 Blackstone Bldge,Honolulu,HI,96817,United States,(808) 892-7943,npadginton@yahoo.com.invalid,Mobile Phone
24,24,North,Tumility,Groom,Employee Referrals,170 Wyoming Ave,Burnsville,MN,55337,United States,(952) 334-9408,ntumility@yahoo.com.invalid,Text
25,25,Tim,Baxstair,Bride,Inbound Calls,4 10th St W,High Point,NC,27263,United States,(336) 243-5659,tbaxstair@yahoo.com.invalid,Email
26,26,Marylou,Lanston,Bride,Venue Referral,7 W Pinhook Rd,Lynbrook,NY,11563,United States,(516) 509-2347,mlanston@yahoo.com.invalid,Mobile Phone
27,27,Salim,Cotgrove,Groom,Vendor Referral,1 Commerce Way,Portland,OR,97224,United States,(503) 939-3153,scotgrove@yahoo.com.invalid,Text
28,28,Allard,Tame,Groom,Website,64 Lakeview Ave,Beloit,WI,53511,United States,(608) 976-7199,atame@yahoo.com.invalid,Email
29,29,Caryl,Sobczak,Groom,The Knot,3 Aspen St,Worcester,MA,01602,United States,(508) 429-8576,csobczak@yahoo.com.invalid,Mobile Phone
30,30,Leonore,Cheal,Bride,Wedding Wire,32860 Sierra Rd,Miami,FL,33133,United States,(305) 385-9695,lcheal@yahoo.com.invalid,Text
31,31,Brew,Wardhaw,Groom,Wedding Expos,555 Main St,Erie,PA,16502,United States,(814) 460-2655,bwardhaw@yahoo.com.invalid,Email
32,32,Sharline,Edwardson,Bride,Customer Referrals,2 Se 3rd Ave,Mesquite,TX,75149,United States,(972) 666-3413,sedwardson@yahoo.com.invalid,Mobile Phone
33,33,Pepillo,Bason,Groom,Employee Referrals,2239 Shawnee Mission Pky,Tullahoma,TN,37388,United States,(931) 273-8709,pbason@yahoo.com.invalid,Text
34,34,Priscella,Belderson,Bride,Inbound Calls,2726 Charcot Ave,Paterson,NJ,07501,United States,(973) 649-2922,pbelderson@yahoo.com.invalid,Email
35,35,Jeno,Hotchkin,Groom,Venue Referral,5161 Dorsett Rd,Homestead,FL,33030,United States,(305) 420-8970,jhotchkin@yahoo.com.invalid,Mobile Phone
36,36,Beaufort,Sperling,Groom,Vendor Referral,55892 Jacksonville Rd,Owings Mills,MD,21117,United States,(410) 224-9462,bsperling@yahoo.com.invalid,Text
37,37,Maxie,Bullocke,Groom,Website,5 N Cleveland Massillon Rd,Thousand Oaks,CA,91362,United States,(805) 275-3566,mbullocke@yahoo.com.invalid,Email
38,38,Gilbert,Coast,Groom,The Knot,7 Benton Dr,Honolulu,HI,96819,United States,(808) 215-6832,gcoast@yahoo.com.invalid,Mobile Phone
39,39,Gabbie,Toler,Groom,Wedding Wire,9390 S Howell Ave,Albany,GA,31701,United States,(229) 735-3378,gtoler@yahoo.com.invalid,Text
40,40,Galina,Worsam,Bride,Wedding Expos,"8 County Center Dr, #647",Boston,MA,02210,United States,(617) 418-5043,gworsam@yahoo.com.invalid,Email
41,41,Abbie,Black,Groom,Customer Referrals,4646 Kaahumanu St,Hackensack,NJ,07601,United States,(201) 672-1553,ablack@yahoo.com.invalid,Mobile Phone
42,42,Freddi,Blacklock,Bride,Employee Referrals,2 Monroe St,San Mateo,CA,94403,United States,(650) 933-5072,fblacklock@yahoo.com.invalid,Text
43,43,Liz,Edgler,Bride,Inbound Calls,52777 Leaders Heights Rd,Ontario,CA,91761,United States,(909) 639-9887,ledgler@yahoo.com.invalid,Email
44,44,Kinna,Lefwich,Bride,Venue Referral,72868 Blackington Ave,Oakland,CA,94606,United States,(510) 955-3016,klefwich@yahoo.com.invalid,Mobile Phone
45,45,Filmer,Hellyar,Groom,Vendor Referral,9 Norristown Rd,Troy,NY,12180,United States,(518) 497-2940,fhellyar@yahoo.com.invalid,Text
46,46,Kit,Ethington,Bride,Website,"83 County Road 437, #8581",Clarks Summit,PA,18411,United States,(570) 867-7489,kethington@yahoo.com.invalid,Email
47,47,Helyn,Blaza,Bride,The Knot,"1 N Harlem Ave, #9",Orange,NJ,07050,United States,(973) 245-2133,hblaza@yahoo.com.invalid,Mobile Phone
48,48,Finley,Hayne,Groom,Wedding Wire,90131 J St,Pittstown,NJ,08867,United States,(908) 409-2890,fhayne@yahoo.com.invalid,Text
49,49,Win,Abrahamoff,Groom,Wedding Expos,8597 W National Ave,Cocoa,FL,32922,United States,(321) 749-4981,wabrahamoff@yahoo.com.invalid,Email
50,50,Bentlee,Ferrarese,Groom,Customer Referrals,6 Gilson St,Bronx,NY,10468,United States,(718) 809-3762,bferrarese@yahoo.com.invalid,Mobile Phone
51,1,Cherri,Rivallant,Bride,Website,"31 Douglas Blvd, #950",Clovis,NM,88101,United States,(505) 975-8559,crivallant@yahoo.com.invalid,Email
52,2,Keeley,Foston,Bride,The Knot,44 W 4th St,Staten Island,NY,10309,United States,(718) 332-6527,kfoston@yahoo.com.invalid,Mobile Phone
53,3,Minni,Aphale,Bride,Wedding Wire,11279 Loytan St,Jacksonville,FL,32254,United States,(904) 775-4480,maphale@yahoo.com.invalid,Text
54,4,Amalee,Comettoi,Bride,Wedding Expos,69 Marquette Ave,Hayward,CA,94545,United States,(510) 993-3758,acomettoi@yahoo.com.invalid,Email
55,5,Willis,Jack,Groom,Customer Referrals,70 W Main St,Beachwood,OH,44122,United States,(216) 657-7668,wjack@yahoo.com.invalid,Mobile Phone
56,6,Nanice,Thinn,Bride,Employee Referrals,"461 Prospect Pl, #316",Euless,TX,76040,United States,(817) 914-7518,nthinn@yahoo.com.invalid,Text
57,7,Dominik,Kobpa,Groom,Inbound Calls,47154 Whipple Ave Nw,Gardena,CA,90247,United States,(310) 774-7643,dkobpa@yahoo.com.invalid,Email
58,8,Rolland,Eck,Groom,Venue Referral,37 Alabama Ave,Evanston,IL,60201,United States,(847) 728-7286,reck@yahoo.com.invalid,Mobile Phone
59,9,Pammie,Rainbird,Bride,Vendor Referral,"3777 E Richmond St, #900",Akron,OH,44302,United States,(330) 537-5358,prainbird@yahoo.com.invalid,Text
60,10,Ottilie,Quenby,Bride,Website,3 Fort Worth Ave,Philadelphia,PA,19106,United States,(215) 255-1641,oquenby@yahoo.com.invalid,Email
61,11,Ginni,Aizkovitch,Bride,The Knot,4800 Black Horse Pike,Burlingame,CA,94010,United States,(650) 803-1936,gaizkovitch@yahoo.com.invalid,Mobile Phone
62,12,Kirbie,Bonett,Bride,Wedding Wire,83649 W Belmont Ave,San Gabriel,CA,91776,United States,(626) 572-1096,kbonett@yahoo.com.invalid,Text
63,13,Estele,Brookes,Bride,Wedding Expos,840 15th Ave,Waco,TX,76708,United States,(254) 782-8569,ebrookes@yahoo.com.invalid,Email
64,14,Delcina,Dickon,Bride,Customer Referrals,"1747 Calle Amanecer, #2",Anchorage,AK,99501,United States,(907) 870-5536,ddickon@yahoo.com.invalid,Mobile Phone
65,15,Daron,Bollini,Bride,Employee Referrals,"99385 Charity St, #840",San Jose,CA,95110,United States,(408) 703-8505,dbollini@yahoo.com.invalid,Text
66,16,Gram,Hamley,Groom,Inbound Calls,68556 Central Hwy,San Leandro,CA,94577,United States,(510) 503-7169,ghamley@yahoo.com.invalid,Email
67,17,Alicia,Sallarie,Bride,Venue Referral,55 Riverside Ave,Indianapolis,IN,46202,United States,(317) 722-5066,asallarie@yahoo.com.invalid,Mobile Phone
68,18,Bridie,Caltun,Bride,Vendor Referral,7140 University Ave,Rock Springs,WY,82901,United States,(307) 704-8713,bcaltun@yahoo.com.invalid,Text
69,19,Milzie,Smogur,Bride,Website,"64 5th Ave, #1153",Mc Lean,VA,22102,United States,(703) 235-3937,msmogur@yahoo.com.invalid,Email
70,20,Analise,Simioli,Bride,The Knot,3 Secor Rd,New Orleans,LA,70112,United States,(504) 710-5840,asimioli@yahoo.com.invalid,Mobile Phone
71,21,Katalin,Golsthorp,Bride,Wedding Wire,4 Webbs Chapel Rd,Boulder,CO,80303,United States,(303) 301-4946,kgolsthorp@yahoo.com.invalid,Text
72,22,Pattie,De Roos,Groom,Wedding Expos,524 Louisiana Ave Nw,San Leandro,CA,94577,United States,(510) 828-7047,pderoos@yahoo.com.invalid,Email
73,23,Jo ann,Canny,Bride,Customer Referrals,185 Blackstone Bldge,Honolulu,HI,96817,United States,(808) 892-7943,jcanny@yahoo.com.invalid,Mobile Phone
74,24,Krissy,Redolfi,Bride,Employee Referrals,170 Wyoming Ave,Burnsville,MN,55337,United States,(952) 334-9408,kredolfi@yahoo.com.invalid,Text
75,25,Zea,Rosson,Bride,Inbound Calls,4 10th St W,High Point,NC,27263,United States,(336) 243-5659,zrosson@yahoo.com.invalid,Email
76,26,Drake,Domenget,Groom,Venue Referral,7 W Pinhook Rd,Lynbrook,NY,11563,United States,(516) 509-2347,ddomenget@yahoo.com.invalid,Mobile Phone
77,27,Kariotta,Inde,Bride,Vendor Referral,1 Commerce Way,Portland,OR,97224,United States,(503) 939-3153,kinde@yahoo.com.invalid,Text
78,28,Katrina,McVitie,Bride,Website,64 Lakeview Ave,Beloit,WI,53511,United States,(608) 976-7199,kmcvitie@yahoo.com.invalid,Email
79,29,Leyla,Braime,Bride,The Knot,3 Aspen St,Worcester,MA,01602,United States,(508) 429-8576,lbraime@yahoo.com.invalid,Mobile Phone
80,30,Gwendolin,Dmitrievski,Bride,Wedding Wire,32860 Sierra Rd,Miami,FL,33133,United States,(305) 385-9695,gdmitrievski@yahoo.com.invalid,Text
81,31,Barbee,Broadwood,Bride,Wedding Expos,555 Main St,Erie,PA,16502,United States,(814) 460-2655,bbroadwood@yahoo.com.invalid,Email
82,32,Pippa,Spondley,Bride,Customer Referrals,2 Se 3rd Ave,Mesquite,TX,75149,United States,(972) 666-3413,pspondley@yahoo.com.invalid,Mobile Phone
83,33,Harlin,Stalman,Groom,Employee Referrals,2239 Shawnee Mission Pky,Tullahoma,TN,37388,United States,(931) 273-8709,hstalman@yahoo.com.invalid,Text
84,34,Hilde,Pickavance,Bride,Inbound Calls,2726 Charcot Ave,Paterson,NJ,07501,United States,(973) 649-2922,hpickavance@yahoo.com.invalid,Email
85,35,Daryl,Alders,Groom,Venue Referral,5161 Dorsett Rd,Homestead,FL,33030,United States,(305) 420-8970,dalders@yahoo.com.invalid,Mobile Phone
86,36,Riccardo,Ludovico,Groom,Vendor Referral,55892 Jacksonville Rd,Owings Mills,MD,21117,United States,(410) 224-9462,rludovico@yahoo.com.invalid,Text
87,37,Valerye,Lippett,Bride,Website,5 N Cleveland Massillon Rd,Thousand Oaks,CA,91362,United States,(805) 275-3566,vlippett@yahoo.com.invalid,Email
88,38,Tudor,Geoghegan,Groom,The Knot,7 Benton Dr,Honolulu,HI,96819,United States,(808) 215-6832,tgeoghegan@yahoo.com.invalid,Mobile Phone
89,39,Baldwin,Reding,Groom,Wedding Wire,9390 S Howell Ave,Albany,GA,31701,United States,(229) 735-3378,breding@yahoo.com.invalid,Text
90,40,Feodora,Hurleston,Bride,Wedding Expos,"8 County Center Dr, #647",Boston,MA,02210,United States,(617) 418-5043,fhurleston@yahoo.com.invalid,Email
91,41,Rhoda,Blackbrough,Bride,Customer Referrals,4646 Kaahumanu St,Hackensack,NJ,07601,United States,(201) 672-1553,rblackbrough@yahoo.com.invalid,Mobile Phone
92,42,Tanya,Fossett,Bride,Employee Referrals,2 Monroe St,San Mateo,CA,94403,United States,(650) 933-5072,tfossett@yahoo.com.invalid,Text
93,43,Zelig,Surfleet,Groom,Inbound Calls,52777 Leaders Heights Rd,Ontario,CA,91761,United States,(909) 639-9887,zsurfleet@yahoo.com.invalid,Email
94,44,Antonetta,Wellbank,Bride,Venue Referral,72868 Blackington Ave,Oakland,CA,94606,United States,(510) 955-3016,awellbank@yahoo.com.invalid,Mobile Phone
95,45,Maddy,Stopps,Bride,Vendor Referral,9 Norristown Rd,Troy,NY,12180,United States,(518) 497-2940,mstopps@yahoo.com.invalid,Text
96,46,Carlyle,Vowles,Groom,Website,"83 County Road 437, #8581",Clarks Summit,PA,18411,United States,(570) 867-7489,cvowles@yahoo.com.invalid,Email
97,47,Shaina,Vankin,Bride,The Knot,"1 N Harlem Ave, #9",Orange,NJ,07050,United States,(973) 245-2133,svankin@yahoo.com.invalid,Mobile Phone
98,48,Joni,Paullin,Bride,Wedding Wire,90131 J St,Pittstown,NJ,08867,United States,(908) 409-2890,jpaullin@yahoo.com.invalid,Text
99,49,Willy,Spraggon,Bride,Wedding Expos,8597 W National Ave,Cocoa,FL,32922,United States,(321) 749-4981,wspraggon@yahoo.com.invalid,Email
100,50,Darwin,Crebo,Groom,Customer Referrals,6 Gilson St,Bronx,NY,10468,United States,(718) 809-3762,dcrebo@yahoo.com.invalid,Mobile Phone
101,51,Nissy,Edgehill,Vendor/Venue,Website,65 W Maple Ave,Pearl City,HI,96782,United States,(808) 315-3077,nedgehill@yahoo.com.invalid,Text
102,52,Orion,McQuaker,Vendor/Venue,Website,866 34th Ave,Denver,CO,80231,United States,(303) 623-4241,omcquaker@yahoo.com.invalid,Email
103,53,Guenna,Askwith,Vendor/Venue,Website,798 Lund Farm Way,Rockaway,NJ,07866,United States,(973) 310-1634,gaskwith@yahoo.com.invalid,Mobile Phone
104,54,Emmaline,Langland,Vendor/Venue,Website,9387 Charcot Ave,Absecon,NJ,08201,United States,(609) 524-3586,elangland@yahoo.com.invalid,Text
105,55,Dawn,Attenborough,Vendor/Venue,Website,30553 Washington Rd,Plainfield,NJ,07062,United States,(908) 877-8409,dattenborough@yahoo.com.invalid,Email
106,56,Arlana,Sinkings,Vendor/Venue,Website,481 W Lemon St,Middleboro,MA,02346,United States,(508) 584-4279,asinkings@yahoo.com.invalid,Mobile Phone
107,57,Ava,Wilgar,Vendor/Venue,Website,"4 Warehouse Point Rd, #7",Chicago,IL,60638,United States,(773) 775-4522,awilgar@yahoo.com.invalid,Text
108,58,Orelle,Drogan,Vendor/Venue,Website,4940 Pulaski Park Dr,Portland,OR,97202,United States,(503) 527-5274,odrogan@yahoo.com.invalid,Email
109,59,Joline,Mandell,Vendor/Venue,Website,627 Walford Ave,Dallas,TX,75227,United States,(214) 339-1809,jmandell@yahoo.com.invalid,Mobile Phone
110,60,Uriel,Tudball,Vendor/Venue,Website,137 Pioneer Way,Chicago,IL,60604,United States,(312) 303-5453,utudball@yahoo.com.invalid,Text
111,61,Findlay,Duckinfield,Vendor/Venue,Website,"61 13 Stoneridge, #835",Findlay,OH,45840,United States,(419) 939-3613,fduckinfield@yahoo.com.invalid,Email
112,62,Irwinn,O'Luby,Vendor/Venue,Website,2409 Alabama Rd,Riverside,CA,92501,United States,(951) 645-3605,io'luby@yahoo.com.invalid,Mobile Phone
113,63,Lothaire,Jellico,Vendor/Venue,Website,8927 Vandever Ave,Waco,TX,76707,United States,(254) 463-4368,ljellico@yahoo.com.invalid,Text
114,64,Osbert,Oxtarby,Vendor/Venue,Website,134 Lewis Rd,Nashville,TN,37211,United States,(615) 406-7854,ooxtarby@yahoo.com.invalid,Email
115,65,Alexio,Bolwell,Vendor/Venue,Website,"9 N College Ave, #3",Milwaukee,WI,53216,United States,(414) 959-2540,abolwell@yahoo.com.invalid,Mobile Phone
116,66,Hollie,Leys,Vendor/Venue,Website,60480 Old Us Highway 51,Preston,MD,21655,United States,(410) 387-5260,hleys@yahoo.com.invalid,Text
117,67,Wiley,Pionter,Vendor/Venue,Website,4 Bloomfield Ave,Irving,TX,75061,United States,(972) 934-6914,wpionter@yahoo.com.invalid,Email
118,68,Gayle,Enderson,Vendor/Venue,Website,429 Tiger Ln,Beverly Hills,CA,90212,United States,(310) 560-8022,genderson@yahoo.com.invalid,Mobile Phone
119,69,Rod,Ludlow,Vendor/Venue,Website,54169 N Main St,Massapequa,NY,11758,United States,(516) 948-5768,rludlow@yahoo.com.invalid,Text
120,70,Pryce,Garrattley,Vendor/Venue,Website,92 Main St,Atlantic City,NJ,08401,United States,(609) 518-7697,pgarrattley@yahoo.com.invalid,Email
121,71,Alexio,O'Growgane,Vendor/Venue,Website,72 Mannix Dr,Cincinnati,OH,45203,United States,(513) 508-7371,ao'growgane@yahoo.com.invalid,Mobile Phone
122,72,Dayle,Snedden,Vendor/Venue,Website,12270 Caton Center Dr,Eugene,OR,97401,United States,(541) 326-4074,dsnedden@yahoo.com.invalid,Text
123,73,Misha,Towll,Vendor/Venue,Website,"749 W 18th St, #45",Smithfield,NC,27577,United States,(919) 533-3762,mtowll@yahoo.com.invalid,Email
124,74,Garvy,Acock,Vendor/Venue,Website,8 Industry Ln,New York,NY,10002,United States,(212) 332-8435,gacock@yahoo.com.invalid,Mobile Phone
125,75,Lisbeth,Myford,Vendor/Venue,Website,1 Huntwood Ave,Phoenix,AZ,85017,United States,(602) 906-9419,lmyford@yahoo.com.invalid,Text
126,76,Fanni,Upstone,Vendor/Venue,Website,55262 N French Rd,Indianapolis,IN,46240,United States,(317) 234-1135,fupstone@yahoo.com.invalid,Email
127,77,Dov,Pentlow,Vendor/Venue,Website,422 E 21st St,Syracuse,NY,13214,United States,(315) 304-4759,dpentlow@yahoo.com.invalid,Mobile Phone
128,78,Linc,Pelz,Vendor/Venue,Website,501 N 19th Ave,Cherry Hill,NJ,08002,United States,(856) 487-5412,lpelz@yahoo.com.invalid,Text
129,79,Kenneth,Alphege,Vendor/Venue,Website,455 N Main Ave,Garden City,NY,11530,United States,(516) 212-1915,kalphege@yahoo.com.invalid,Email
130,80,Nananne,Murdy,Vendor/Venue,Website,1844 Southern Blvd,Little Rock,AR,72202,United States,(501) 308-1040,nmurdy@yahoo.com.invalid,Mobile Phone
131,81,Philippine,Camillo,Vendor/Venue,Website,2023 Greg St,Saint Paul,MN,55101,United States,(612) 632-0245,pcamillo@yahoo.com.invalid,Text
132,82,Michail,Shingfield,Vendor/Venue,Website,63381 Jenks Ave,Philadelphia,PA,19134,United States,(639) 585-8287,mshingfield@yahoo.com.invalid,Email
133,83,Geri,Sothcott,Vendor/Venue,Website,6651 Municipal Rd,Houma,LA,70360,United States,(312) 630-0508,gsothcott@yahoo.com.invalid,Mobile Phone
134,84,Dietrich,Dohmann,Vendor/Venue,Website,"81 Norris Ave, #525",Ronkonkoma,NY,11779,United States,(755) 728-3734,ddohmann@yahoo.com.invalid,Text
135,85,Janeczka,Aleksandrov,Vendor/Venue,Website,6916 W Main St,Sacramento,CA,95827,United States,(318) 115-6136,jaleksandrov@yahoo.com.invalid,Email
136,86,Noami,Meenehan,Vendor/Venue,Website,9635 S Main St,Boise,ID,83704,United States,(806) 773-8829,nmeenehan@yahoo.com.invalid,Mobile Phone
137,87,Ilyssa,Urrey,Vendor/Venue,Website,17 Us Highway 111,Round Rock,TX,78664,United States,(304) 135-6258,iurrey@yahoo.com.invalid,Text
138,88,Welby,Boice,Vendor/Venue,Website,992 Civic Center Dr,Philadelphia,PA,19123,United States,(982) 350-0777,wboice@yahoo.com.invalid,Email
139,89,Matthieu,Girth,Vendor/Venue,Website,303 N Radcliffe St,Hilo,HI,96720,United States,(619) 733-4760,mgirth@yahoo.com.invalid,Mobile Phone
140,90,Lanny,Jensen,Vendor/Venue,Website,"73 Saint Ann St, #86",Reno,NV,89502,United States,(957) 884-9337,ljensen@yahoo.com.invalid,Text
141,91,Loree,Hazelhurst,Vendor/Venue,Website,44 58th St,Wheeling,IL,60090,United States,(276) 900-3037,lhazelhurst@yahoo.com.invalid,Email
142,92,Rhys,Gulleford,Vendor/Venue,Website,9745 W Main St,Randolph,NJ,07869,United States,(687) 438-2776,rgulleford@yahoo.com.invalid,Mobile Phone
143,93,Benedict,Rainard,Vendor/Venue,Website,84 Bloomfield Ave,Spartanburg,SC,29301,United States,(278) 188-4139,brainard@yahoo.com.invalid,Text
144,94,Panchito,Mowen,Vendor/Venue,Website,287 Youngstown Warren Rd,Hampstead,MD,21074,United States,(245) 159-4285,pmowen@yahoo.com.invalid,Email
145,95,Alfy,Hrihorovich,Vendor/Venue,Website,6 Van Buren St,Mount Vernon,NY,10553,United States,(509) 550-4352,ahrihorovich@yahoo.com.invalid,Mobile Phone
146,96,Alysia,Antoniat,Vendor/Venue,Website,229 N Forty Driv,New York,NY,10011,United States,(823) 590-5373,aantoniat@yahoo.com.invalid,Text
147,97,Nikkie,Growcock,Vendor/Venue,Website,"2887 Knowlton St, #5435",Berkeley,CA,94710,United States,(893) 943-8334,ngrowcock@yahoo.com.invalid,Email
148,98,Biddie,Redwin,Vendor/Venue,Website,523 Marquette Ave,Concord,MA,01742,United States,(954) 272-1046,bredwin@yahoo.com.invalid,Mobile Phone
149,99,Josefa,Carss,Vendor/Venue,Website,3717 Hamann Industrial Pky,San Francisco,CA,94104,United States,(845) 745-1897,jcarss@yahoo.com.invalid,Text
150,100,Olly,Snar,Vendor/Venue,Website,3 State Route 35 S,Paramus,NJ,07652,United States,(453) 853-4813,osnar@yahoo.com.invalid,Email
151,101,Ludvig,Ethridge,Vendor/Venue,Website,82 N Highway 67,Oakley,CA,94561,United States,(213) 319-9063,lethridge@yahoo.com.invalid,Mobile Phone
152,102,Thornie,Aikin,Vendor/Venue,Website,9 Murfreesboro Rd,Chicago,IL,60623,United States,(997) 180-3627,taikin@yahoo.com.invalid,Text
153,103,Riobard,Hurtado,Vendor/Venue,Website,6 S Broadway St,Cedar Grove,NJ,07009,United States,(264) 213-0624,rhurtado@yahoo.com.invalid,Email
154,104,Ellissa,McEvoy,Vendor/Venue,Website,"6 Harry L Dr, #6327",Perrysburg,OH,43551,United States,(193) 882-8697,emcevoy@yahoo.com.invalid,Mobile Phone
155,105,Conni,Polfer,Vendor/Venue,Website,47939 Porter Ave,Gardena,CA,90248,United States,(891) 689-4537,cpolfer@yahoo.com.invalid,Text
156,106,Rad,Tilne,Vendor/Venue,Website,"9 Wales Rd Ne, #914",Homosassa,FL,34448,United States,(899) 346-6364,rtilne@yahoo.com.invalid,Email
157,107,Gabi,Hayfield,Vendor/Venue,Website,195 13n N,Santa Clara,CA,95054,United States,(261) 573-5469,ghayfield@yahoo.com.invalid,Mobile Phone
158,108,Merle,Lodemann,Vendor/Venue,Website,99 Tank Farm Rd,Hazleton,PA,18201,United States,(761) 541-9798,mlodemann@yahoo.com.invalid,Text
159,109,Ezri,Draper,Vendor/Venue,Website,4671 Alemany Blvd,Jersey City,NJ,07304,United States,(493) 815-3094,edraper@yahoo.com.invalid,Email
160,110,Carole,Cornels,Vendor/Venue,Website,98 University Dr,San Ramon,CA,94583,United States,(300) 672-2748,ccornels@yahoo.com.invalid,Mobile Phone
161,111,Dehlia,Low,Vendor/Venue,Website,50 E Wacker Dr,Bridgewater,NJ,08807,United States,(699) 951-7084,dlow@yahoo.com.invalid,Text
162,112,Broderick,Slora,Vendor/Venue,Website,"70 Euclid Ave, #722",Bohemia,NY,11716,United States,(952) 305-4585,bslora@yahoo.com.invalid,Email
163,113,Kipper,Seatter,Vendor/Venue,Website,"326 E Main St, #6496",Thousand Oaks,CA,91362,United States,(139) 337-7100,kseatter@yahoo.com.invalid,Mobile Phone
164,114,Prentiss,Owbridge,Vendor/Venue,Website,406 Main St,Somerville,NJ,08876,United States,(210) 936-2936,powbridge@yahoo.com.invalid,Text
165,115,Orville,Christoffe,Vendor/Venue,Website,3 Elmwood Dr,Beaverton,OR,97005,United States,(974) 721-8363,ochristoffe@yahoo.com.invalid,Email
166,116,Carolin,Attwood,Vendor/Venue,Website,9 Church St,Salem,OR,97302,United States,(160) 188-7060,cattwood@yahoo.com.invalid,Mobile Phone
167,117,Matti,Petit,Vendor/Venue,Website,9939 N 14th St,Riverton,NJ,08077,United States,(789) 442-6734,mpetit@yahoo.com.invalid,Text
168,118,Felicia,MacCome,Vendor/Venue,Website,5384 Southwyck Blvd,Douglasville,GA,30135,United States,(949) 579-9501,fmaccome@yahoo.com.invalid,Email
169,119,Lind,Kilbane,Vendor/Venue,Website,97 Airport Loop Dr,Jacksonville,FL,32216,United States,(391) 325-3305,lkilbane@yahoo.com.invalid,Mobile Phone
170,120,Francoise,Brim,Vendor/Venue,Website,37855 Nolan Rd,Bangor,ME,04401,United States,(903) 943-0262,fbrim@yahoo.com.invalid,Text
171,121,Allix,Fardy,Vendor/Venue,Website,"4252 N Washington Ave, #9",Kennedale,TX,76060,United States,(865) 163-5693,afardy@yahoo.com.invalid,Email
172,122,Dugald,Cutts,Vendor/Venue,Website,42754 S Ash Ave,Buffalo,NY,14228,United States,(345) 382-0562,dcutts@yahoo.com.invalid,Mobile Phone
173,123,Oralla,McHaffy,Vendor/Venue,Website,703 Beville Rd,Opa Locka,FL,33054,United States,(478) 235-4349,omchaffy@yahoo.com.invalid,Text
174,124,Stanwood,Quinsee,Vendor/Venue,Website,5 Harrison Rd,New York,NY,10038,United States,(588) 165-9075,squinsee@yahoo.com.invalid,Email
175,125,Hynda,Redmain,Vendor/Venue,Website,73 Southern Blvd,Philadelphia,PA,19103,United States,(517) 347-5078,hredmain@yahoo.com.invalid,Mobile Phone
176,126,Merwyn,Gudgeon,Vendor/Venue,Website,189 Village Park Rd,Crestview,FL,32536,United States,(570) 605-4500,mgudgeon@yahoo.com.invalid,Text
177,127,Dannel,Peacock,Vendor/Venue,Website,"6 Middlegate Rd, #106",San Francisco,CA,94107,United States,(820) 643-7766,dpeacock@yahoo.com.invalid,Email
178,128,Lulu,Gisburn,Vendor/Venue,Website,1128 Delaware St,San Jose,CA,95132,United States,(942) 947-9698,lgisburn@yahoo.com.invalid,Mobile Phone
179,129,Octavia,Ikins,Vendor/Venue,Website,577 Parade St,South San Francisco,CA,94080,United States,(628) 629-7095,oikins@yahoo.com.invalid,Text
180,130,Wilburt,Biskupek,Vendor/Venue,Website,70 Mechanic St,Northridge,CA,91325,United States,(597) 347-5585,wbiskupek@yahoo.com.invalid,Email
181,131,Ferris,Hallewell,Vendor/Venue,Website,4379 Highway 116,Philadelphia,PA,19103,United States,(852) 471-6245,fhallewell@yahoo.com.invalid,Mobile Phone
182,132,Larissa,Dullard,Vendor/Venue,Website,55 Hawthorne Blvd,Lafayette,LA,70506,United States,(196) 645-2385,ldullard@yahoo.com.invalid,Text
183,133,Lorraine,Crannach,Vendor/Venue,Website,7116 Western Ave,Dearborn,MI,48126,United States,(322) 661-1426,lcrannach@yahoo.com.invalid,Email
184,134,Thorin,Sibille,Vendor/Venue,Website,"2026 N Plankinton Ave, #3",Austin,TX,78754,United States,(176) 325-9981,tsibille@yahoo.com.invalid,Mobile Phone
185,135,Lucretia,Fitt,Vendor/Venue,Website,99586 Main St,Dallas,TX,75207,United States,(627) 532-4131,lfitt@yahoo.com.invalid,Text
186,136,Shaylah,Mattingson,Vendor/Venue,Website,8739 Hudson St,Vashon,WA,98070,United States,(444) 271-6416,smattingson@yahoo.com.invalid,Email
187,137,Valentin,Dannell,Vendor/Venue,Website,"383 Gunderman Rd, #197",Coatesville,PA,19320,United States,(937) 679-1041,vdannell@yahoo.com.invalid,Mobile Phone
188,138,Denna,McGilvray,Vendor/Venue,Website,4441 Point Term Mkt,Philadelphia,PA,19143,United States,(439) 929-7725,dmcgilvray@yahoo.com.invalid,Text
189,139,Ad,Benbough,Vendor/Venue,Website,2972 Lafayette Ave,Gardena,CA,90248,United States,(959) 471-1569,abenbough@yahoo.com.invalid,Email
190,140,Guinevere,Dumbare,Vendor/Venue,Website,2140 Diamond Blvd,Rohnert Park,CA,94928,United States,(431) 486-0440,gdumbare@yahoo.com.invalid,Mobile Phone
191,141,Fonzie,Poyle,Vendor/Venue,Website,"93 Redmond Rd, #492",Orlando,FL,32803,United States,(970) 379-3987,fpoyle@yahoo.com.invalid,Text
192,142,Tam,Beel,Vendor/Venue,Website,3989 Portage Tr,Escondido,CA,92025,United States,(154) 888-1711,tbeel@yahoo.com.invalid,Email
193,143,Johna,Townby,Vendor/Venue,Website,1 Midway Rd,Westborough,MA,01581,United States,(430) 759-8446,jtownby@yahoo.com.invalid,Mobile Phone
194,144,Joaquin,Di Angelo,Vendor/Venue,Website,77132 Coon Rapids Blvd Nw,Conroe,TX,77301,United States,(543) 519-5829,jdiangelo@yahoo.com.invalid,Text
195,145,Reuven,Townsley,Vendor/Venue,Website,755 Harbor Way,Milwaukee,WI,53226,United States,(515) 710-7955,rtownsley@yahoo.com.invalid,Email
196,146,Mei,Drewson,Vendor/Venue,Website,87 Sierra Rd,El Monte,CA,91731,United States,(155) 805-5694,mdrewson@yahoo.com.invalid,Mobile Phone
197,147,Lynsey,Tysack,Vendor/Venue,Website,"7667 S Hulen St, #42",Yonkers,NY,10701,United States,(840) 875-1168,ltysack@yahoo.com.invalid,Text
198,148,Wendy,Ledeker,Vendor/Venue,Website,"75684 S Withlapopka Dr, #32",Dallas,TX,75227,United States,(738) 756-9445,wledeker@yahoo.com.invalid,Email
199,149,Tanya,Gilfoy,Vendor/Venue,Website,5 Elmwood Park Blvd,Biloxi,MS,39530,United States,(903) 880-0710,tgilfoy@yahoo.com.invalid,Mobile Phone
200,150,Gennifer,Matelyunas,Vendor/Venue,Website,23 Palo Alto Sq,Miami,FL,33134,United States,(546) 986-1561,gmatelyunas@yahoo.com.invalid,Text
201,100,Anitra,Gloves,Vendor/Venue,Website,38062 E Main St,New York,NY,10048,United States,(718) 825-9663,agloves@yahoo.com.invalid,Email
202,101,Richart,Jenk,Vendor/Venue,Website,"3958 S Dupont Hwy, #7",Ramsey,NJ,07446,United States,(221) 372-6829,rjenk@yahoo.com.invalid,Mobile Phone
203,102,Addison,Elsmere,Vendor/Venue,Website,560 Civic Center Dr,Ann Arbor,MI,48103,United States,(679) 529-1292,aelsmere@yahoo.com.invalid,Text
204,103,Korney,Bartosinski,Vendor/Venue,Website,3270 Dequindre Rd,Deer Park,NY,11729,United States,(577) 677-4334,kbartosinski@yahoo.com.invalid,Email
205,104,Jodie,Mattiessen,Vendor/Venue,Website,"1 Garfield Ave, #7",Canton,OH,44707,United States,(224) 430-0046,jmattiessen@yahoo.com.invalid,Mobile Phone
206,105,Gian,Boole,Vendor/Venue,Website,9122 Carpenter Ave,New Haven,CT,06511,United States,(198) 484-8776,gboole@yahoo.com.invalid,Text
207,106,Elissa,Sumner,Vendor/Venue,Website,48 Lenox St,Fairfax,VA,22030,United States,(869) 935-4760,esumner@yahoo.com.invalid,Email
208,107,Nicolais,Coushe,Vendor/Venue,Website,5 Little River Tpke,Wilmington,MA,01887,United States,(905) 108-8427,ncoushe@yahoo.com.invalid,Mobile Phone
209,108,Ron,Tommasi,Vendor/Venue,Website,3 N Groesbeck Hwy,Toledo,OH,43613,United States,(447) 893-1038,rtommasi@yahoo.com.invalid,Text
210,109,Trev,McAlister,Vendor/Venue,Website,"37 N Elm St, #916",Tacoma,WA,98409,United States,(681) 788-0561,tmcalister@yahoo.com.invalid,Email
211,110,Shurlock,Duckerin,Vendor/Venue,Website,"433 Westminster Blvd, #590",Roseville,CA,95661,United States,(812) 592-4255,sduckerin@yahoo.com.invalid,Mobile Phone
212,111,Angeline,Sandeland,Vendor/Venue,Website,"66697 Park Pl, #3224",Riverton,WY,82501,United States,(804) 320-3657,asandeland@yahoo.com.invalid,Text
213,112,Andrus,Lowdwell,Vendor/Venue,Website,96263 Greenwood Pl,Warren,ME,04864,United States,(334) 253-3238,alowdwell@yahoo.com.invalid,Email
214,113,Mercie,Bohan,Vendor/Venue,Website,8 Mcarthur Ln,Richboro,PA,18954,United States,(994) 542-9588,mbohan@yahoo.com.invalid,Mobile Phone
215,114,Suzy,Vickar,Vendor/Venue,Website,8 Fair Lawn Ave,Tampa,FL,33614,United States,(225) 832-0303,svickar@yahoo.com.invalid,Text
216,115,Eveleen,Burleigh,Vendor/Venue,Website,9 N 14th St,El Cajon,CA,92020,United States,(735) 519-6325,eburleigh@yahoo.com.invalid,Email
217,116,Edwin,Cushe,Vendor/Venue,Website,9 Vanowen St,College Station,TX,77840,United States,(601) 603-6166,ecushe@yahoo.com.invalid,Mobile Phone
218,117,Stefa,Thorwarth,Vendor/Venue,Website,18 Waterloo Geneva Rd,Highland Park,IL,60035,United States,(775) 456-2190,sthorwarth@yahoo.com.invalid,Text
219,118,Marilyn,Thomsen,Vendor/Venue,Website,506 S Hacienda Dr,Atlantic City,NJ,08401,United States,(521) 967-0113,mthomsen@yahoo.com.invalid,Email
220,119,Baxie,Wharton,Vendor/Venue,Website,3732 Sherman Ave,Bridgewater,NJ,08807,United States,(159) 460-0846,bwharton@yahoo.com.invalid,Mobile Phone
221,120,Patti,Maccrae,Vendor/Venue,Website,25657 Live Oak St,Brooklyn,NY,11226,United States,(124) 110-9127,pmaccrae@yahoo.com.invalid,Text
222,121,Duke,Hassard,Vendor/Venue,Website,4923 Carey Ave,Saint Louis,MO,63104,United States,(530) 912-4307,dhassard@yahoo.com.invalid,Email
223,122,Cynthia,Jarmyn,Vendor/Venue,Website,3196 S Rider Trl,Stockton,CA,95207,United States,(720) 756-9801,cjarmyn@yahoo.com.invalid,Mobile Phone
224,123,Lanny,Pratchett,Vendor/Venue,Website,"3 Railway Ave, #75",Little Falls,NJ,07424,United States,(275) 115-7914,lpratchett@yahoo.com.invalid,Text
225,124,Ermanno,Cornner,Vendor/Venue,Website,87393 E Highland Rd,Indianapolis,IN,46220,United States,(338) 449-7120,ecornner@yahoo.com.invalid,Email