Sample_Data_Key__c,Wedding__c,Status__c,Date_Sent__c,Number_of_Attendees__c,Invitee_First_Name__c,Invitee_Last_Name__c,Invitee_Email__c,Phone__c,Street__c,City__c,State__c,Postal_Code__c,Country__c,Meal_Request__c
1,1,Not Yet Invited,,,Archibold,Duester,aduester0@infoseek.co.jp.invalid,(816) 115-3173,972 Eastlawn Terrace,Kansas City,MO,64136,United States,Chicken
2,2,Not Yet Invited,,,Fayth,Cull,fcull1@angelfire.com.invalid,(765) 384-7602,848 Utah Road,Anderson,IN,46015,United States,Pasta
3,3,Not Yet Invited,,,Ritchie,Sieb,rsieb2@instagram.com.invalid,(260) 107-3806,652 John Wall Road,Fort Wayne,IN,46896,United States,Fish
4,4,Not Yet Invited,,,Cassandre,Kupper,ckupper3@cpanel.net.invalid,(317) 795-4404,8151 Corben Park,Indianapolis,IN,46295,United States,
5,5,Not Yet Invited,,,Casper,Agirre,cagirre4@cnbc.com.invalid,(805) 995-0733,5881 Northfield Avenue,San Luis Obispo,CA,93407,United States,Vegetarian
6,6,Invited - Pending Response,2020-01-01,1,Torr,McGarrell,tmcgarrell5@tinyurl.com.invalid,(626) 301-6770,080 Dunning Pass,Pasadena,CA,91131,United States,Fish
7,7,Invited - Pending Response,2020-02-05,2,Etienne,Bernli,ebernli6@google.com.hk.invalid,(210) 164-1054,43587 Schiller Drive,San Antonio,TX,78225,United States,Crab
8,8,Invited - Pending Response,2020-03-15,1,Dorris,Learoid,dlearoid7@mail.ru.invalid,(510) 857-8718,47265 Fairview Road,Richmond,CA,94807,United States,
9,9,Attending,2020-04-01,2,Charity,Symonds,csymonds8@sun.com.invalid,(760) 924-2206,2 Bonner Street,San Bernardino,CA,92415,United States,
10,10,Attending,2020-05-01,2,Orelia,Jerg,ojerg9@histats.com.invalid,(716) 328-3334,45849 Raven Road,Buffalo,NY,14233,United States,Pasta
11,1,Not Yet Invited,,,Demetrius,D'Ambrogio,ddambrogioa@bloglovin.com.invalid,(559) 404-7979,2 Lien Court,Fresno,CA,93762,United States,Steak
12,2,Not Yet Invited,,,Ellary,Labes,elabesb@army.mil.invalid,(562) 541-7587,07 Hudson Point,Whittier,CA,90610,United States,Steak
13,3,Not Yet Invited,,,Yetta,Bednall,ybednallc@cafepress.com.invalid,(661) 529-3288,48427 Brown Drive,Bakersfield,CA,93386,United States,Chicken
14,4,Not Yet Invited,,,Gunner,Pecht,gpechtd@google.de.invalid,(941) 152-4057,971 Twin Pines Trail,Seminole,FL,34642,United States,
15,5,Not Yet Invited,,,Oona,Quoit,oquoite@comcast.net.invalid,(315) 792-6852,11048 Harbort Drive,Rochester,NY,14614,United States,Lamb
16,6,Invited - Pending Response,2020-01-01,3,Bay,Britton,bbrittonf@desdev.cn.invalid,(720) 818-0964,305 Merrick Trail,Boulder,CO,80305,United States,Pasta
17,7,Invited - Pending Response,2020-02-05,3,Agata,Moncrefe,amoncrefeg@bbc.co.uk.invalid,(770) 855-3474,4119 New Castle Street,Gainesville,GA,30506,United States,Chicken
18,8,Invited - Pending Response,2020-03-15,1,Emanuel,Patnelli,epatnellih@yellowpages.com.invalid,(517) 894-8360,91 Sugar Court,Lansing,MI,48901,United States,
19,9,Attending,2020-04-01,3,Kaitlin,Cescotti,kcescottii@independent.co.uk.invalid,(410) 696-9091,4290 Mccormick Trail,Baltimore,MD,21216,United States,
20,10,Attending,2020-05-01,1,Yancy,Elgie,yelgiej@ustream.tv.invalid,(209) 945-2028,21092 Anzinger Parkway,Visalia,CA,93291,United States,Lamb
21,1,Not Yet Invited,,,Dru,Heinreich,dheinreichk@mail.ru.invalid,(806) 308-7687,394 Northport Drive,Amarillo,TX,79171,United States,Pasta
22,2,Not Yet Invited,,,Ara,Dedmam,adedmaml@marriott.com.invalid,(915) 597-1573,2389 Macpherson Alley,El Paso,TX,88579,United States,Pasta
23,3,Not Yet Invited,,,Niki,Windous,nwindousm@army.mil.invalid,(805) 176-7701,4155 Bartillon Circle,San Luis Obispo,CA,93407,United States,Fish
24,4,Not Yet Invited,,,Janey,Gaisford,jgaisfordn@hugedomains.com.invalid,(336) 587-1423,05661 Lindbergh Street,Greensboro,NC,27409,United States,
25,5,Not Yet Invited,,,Tiffie,Vasentsov,tvasentsovo@godaddy.com.invalid,(810) 772-6230,9 Dahle Park,Flint,MI,48555,United States,Vegetarian
26,6,Invited - Pending Response,2020-01-01,1,Henrieta,Hawkett,hhawkettp@ucla.edu.invalid,(719) 202-8723,2 Jenifer Pass,Colorado Springs,CO,80935,United States,Fish
27,7,Invited - Pending Response,2020-02-05,1,Alaster,Loughrey,aloughreyq@theglobeandmail.com.invalid,(619) 588-7545,660 Ramsey Trail,San Diego,CA,92153,United States,Crab
28,8,Invited - Pending Response,2020-03-15,1,Ortensia,Graser,ograserr@cloudflare.com.invalid,(859) 416-7894,92665 Holmberg Drive,Lexington,KY,40591,United States,
29,9,Attending,2020-04-01,2,Florian,Van Eeden,fvaneedens@moonfruit.com.invalid,(540) 877-3164,855 Springs Park,Roanoke,VA,24024,United States,
30,10,Attending,2020-05-01,3,Aubine,Terne,aternet@usnews.com.invalid,(917) 379-7807,3292 Elka Hill,New York City,NY,10009,United States,Chicken
31,1,Not Yet Invited,,,Kelly,Vidineev,kvidineevu@amazonaws.com.invalid,(952) 411-1230,292 Farmco Hill,Minneapolis,MN,55446,United States,Pasta
32,2,Not Yet Invited,,,Leif,Snailham,lsnailhamv@seesaa.net.invalid,(323) 685-2187,4665 Del Sol Crossing,Long Beach,CA,90810,United States,Steak
33,3,Not Yet Invited,,,Colas,Bussel,cbusselw@reddit.com.invalid,(310) 805-2440,41 Elka Center,Long Beach,CA,90810,United States,Chicken
34,4,Not Yet Invited,,,Madeleine,Crates,mcratesx@facebook.com.invalid,(917) 748-9545,3 Almo Alley,New York City,NY,10034,United States,
35,5,Not Yet Invited,,,Ives,Isacq,iisacqy@hud.gov.invalid,(804) 718-6535,72 Merry Circle,Richmond,VA,23260,United States,Lamb
36,6,Invited - Pending Response,2020-01-01,1,Thornton,Matuszynski,tmatuszynskiz@bloglines.com.invalid,(417) 979-6684,1 High Crossing Terrace,Springfield,MO,65898,United States,Pasta
37,7,Invited - Pending Response,2020-02-05,2,Clarine,McGlade,cmcglade10@wikia.com.invalid,(336) 378-9411,364 Butternut Trail,Greensboro,NC,27409,United States,Chicken
38,8,Invited - Pending Response,2020-03-15,3,Margalit,Warmisham,mwarmisham11@slate.com.invalid,(530) 763-6157,1 Lien Point,South Lake Tahoe,CA,96154,United States,
39,9,Attending,2020-04-01,1,Osbourne,Basindale,obasindale12@apple.com.invalid,(734) 535-8684,1 Lake View Way,Detroit,MI,48258,United States,
40,10,Attending,2020-05-01,2,Cesaro,Skettles,cskettles13@webmd.com.invalid,(803) 224-4145,2 Thierer Road,Columbia,SC,29220,United States,Chicken
41,1,Not Yet Invited,,,Stephi,Kamenar,skamenar14@redcross.org.invalid,(281) 760-4434,2070 Lindbergh Point,Galveston,TX,77554,United States,Chicken
42,2,Not Yet Invited,,,Derry,Oke,doke15@tinypic.com.invalid,(210) 769-1470,65596 Vermont Drive,San Antonio,TX,78285,United States,Pasta
43,3,Not Yet Invited,,,Nester,Dafydd,ndafydd16@un.org.invalid,(816) 625-5874,707 Scoville Crossing,Kansas City,MO,64101,United States,Fish
44,4,Not Yet Invited,,,Aeriela,Henlon,ahenlon17@sogou.com.invalid,(918) 991-3241,22807 School Point,Tulsa,OK,74184,United States,
45,5,Not Yet Invited,,,Fredra,Leek,fleek18@wunderground.com.invalid,(903) 541-7298,2 Banding Drive,Tyler,TX,75710,United States,Vegetarian
46,6,Invited - Pending Response,2020-01-01,1,Corri,Hebborne,chebborne19@gravatar.com.invalid,(614) 714-1865,8 Buena Vista Junction,Columbus,OH,43204,United States,Fish
47,7,Invited - Pending Response,2020-02-05,1,Malissa,Aickin,maickin1a@technorati.com.invalid,(804) 809-1411,91030 Fordem Terrace,Richmond,VA,23228,United States,Crab
48,8,Invited - Pending Response,2020-03-15,3,Anastassia,Buddles,abuddles1b@taobao.com.invalid,(801) 978-7382,492 Northview Avenue,Salt Lake City,UT,84152,United States,
49,9,Attending,2020-04-01,2,Jory,MacEnelly,jmacenelly1c@berkeley.edu.invalid,(843) 643-1348,60991 Continental Circle,Beaufort,SC,29905,United States,
50,10,Attending,2020-05-01,3,Giff,Niezen,gniezen1d@fc2.com.invalid,(208) 401-0316,49 Brentwood Avenue,Boise,ID,83711,United States,Pasta
51,1,Not Yet Invited,,,Vanessa,Dunnet,vdunnet1e@census.gov.invalid,(210) 227-3493,5046 Canary Street,San Antonio,TX,78285,United States,Steak
52,2,Not Yet Invited,,,Arri,Sheers,asheers1f@google.co.uk.invalid,(540) 477-5863,76284 Fairview Pass,Roanoke,VA,24014,United States,Steak
53,3,Not Yet Invited,,,Dede,Rosenthaler,drosenthaler1g@dion.ne.jp.invalid,(281) 289-9324,0991 Birchwood Hill,Houston,TX,77050,United States,Chicken
54,4,Not Yet Invited,,,Abdul,Forst,aforst1h@epa.gov.invalid,(386) 566-1217,33 Clyde Gallagher Circle,Daytona Beach,FL,32128,United States,
55,5,Not Yet Invited,,,Lucina,Geeraert,lgeeraert1i@mlb.com.invalid,(412) 844-3174,21 Aberg Road,Pittsburgh,PA,15261,United States,Lamb
56,6,Invited - Pending Response,2020-01-01,3,Roze,Orrocks,rorrocks1j@slashdot.org.invalid,(919) 828-1668,10 Dixon Terrace,Durham,NC,27717,United States,Pasta
57,7,Invited - Pending Response,2020-02-05,1,Glenn,Karlolak,gkarlolak1k@symantec.com.invalid,(312) 103-4344,7 Butternut Drive,Chicago,IL,60669,United States,Chicken
58,8,Invited - Pending Response,2020-03-15,3,Simone,Janacek,sjanacek1l@craigslist.org.invalid,(757) 750-0543,139 Esch Place,Virginia Beach,VA,23459,United States,
59,9,Attending,2020-04-01,2,Cristin,Sambells,csambells1m@sun.com.invalid,(651) 689-9408,731 Commercial Point,Saint Paul,MN,55127,United States,
60,10,Attending,2020-05-01,1,Iago,Clemensen,iclemensen1n@digg.com.invalid,(612) 195-9111,3 Holmberg Lane,Minneapolis,MN,55480,United States,Lamb
61,1,Not Yet Invited,,,Lizzy,Coursor,lcoursor1o@vinaora.com.invalid,(513) 755-2067,52 Magdeline Parkway,Cincinnati,OH,45243,United States,Pasta
62,2,Not Yet Invited,,,Kariotta,Mulqueeny,kmulqueeny1p@vkontakte.ru.invalid,(216) 322-4987,5586 Muir Parkway,Cleveland,OH,44197,United States,Pasta
63,3,Not Yet Invited,,,Fabio,Syddall,fsyddall1q@reuters.com.invalid,(352) 381-4990,0 Bowman Road,Ocala,FL,34474,United States,Fish
64,4,Not Yet Invited,,,Bald,Rubbert,brubbert1r@people.com.cn.invalid,(602) 932-5326,42945 Hagan Center,Phoenix,AZ,85067,United States,
65,5,Not Yet Invited,,,Antonina,Grissett,agrissett1s@netscape.com.invalid,(512) 355-2448,894 Meadow Valley Terrace,Austin,TX,78764,United States,Vegetarian
66,6,Invited - Pending Response,2020-01-01,1,Clarance,Aslet,caslet1t@typepad.com.invalid,(865) 578-3776,95 John Wall Point,Knoxville,TN,37919,United States,Fish
67,7,Invited - Pending Response,2020-02-05,1,Corrianne,Collman,ccollman1u@reverbnation.com.invalid,(937) 581-4928,4678 Corscot Trail,Dayton,OH,45426,United States,Crab
68,8,Invited - Pending Response,2020-03-15,1,Heriberto,Horsefield,hhorsefield1v@imdb.com.invalid,(309) 428-0800,4 Sherman Point,Peoria,IL,61651,United States,
69,9,Attending,2020-04-01,2,Gretta,Garmon,ggarmon1w@wikia.com.invalid,(804) 558-8778,26936 Debra Crossing,Richmond,VA,23260,United States,
70,10,Attending,2020-05-01,3,Sarene,Clerc,sclerc1x@accuweather.com.invalid,(915) 544-3724,272 Delladonna Lane,El Paso,TX,79968,United States,Chicken
71,1,Not Yet Invited,,,Rubina,Reynault,rreynault1y@theatlantic.com.invalid,(772) 648-1221,61 Swallow Avenue,Fort Pierce,FL,34949,United States,Pasta
72,2,Not Yet Invited,,,Annetta,MacIntyre,amacintyre1z@jiathis.com.invalid,(574) 584-4229,6 Service Trail,South Bend,IN,46634,United States,Steak
73,3,Not Yet Invited,,,Lorrie,Eickhoff,leickhoff20@nature.com.invalid,(832) 628-5716,04762 Logan Place,Houston,TX,77065,United States,Chicken
74,4,Not Yet Invited,,,Jamil,Perrett,jperrett21@seattletimes.com.invalid,(972) 779-6370,94 Delladonna Lane,Mesquite,TX,75185,United States,
75,5,Not Yet Invited,,,Rae,Sloan,rsloan22@cafepress.com.invalid,(209) 343-6311,641 Village Junction,Visalia,CA,93291,United States,Lamb
76,6,Invited - Pending Response,2020-01-01,1,Babara,Rubinfeld,brubinfeld23@jiathis.com.invalid,(915) 280-7596,62430 Lake View Road,El Paso,TX,79911,United States,Pasta
77,7,Invited - Pending Response,2020-02-05,1,Kassie,Budd,kbudd24@t.co.invalid,(713) 785-5893,55 Dwight Court,Houston,TX,77035,United States,Chicken
78,8,Invited - Pending Response,2020-03-15,3,Alice,Shout,ashout25@howstuffworks.com.invalid,(913) 266-8545,179 Schurz Park,Kansas City,KS,66160,United States,
79,9,Attending,2020-04-01,3,Winston,Mattschas,wmattschas26@joomla.org.invalid,(512) 203-8158,50241 Park Meadow Plaza,Austin,TX,78710,United States,
80,10,Not Attending,2020-05-01,1,Bartholemy,Barff,bbarff27@123-reg.co.uk.invalid,(402) 769-6859,0790 Boyd Court,Lincoln,NE,68524,United States,Chicken
81,1,Not Yet Invited,,,Dori,Lafee,dlafee28@ning.com.invalid,(806) 460-2180,51342 Lake View Road,Amarillo,TX,79188,United States,Chicken
82,2,Not Yet Invited,,,Peg,Skirvin,pskirvin29@clickbank.net.invalid,(212) 413-2515,7127 Hauk Hill,New York City,NY,10184,United States,Pasta
83,3,Not Yet Invited,,,Nikkie,Quigley,nquigley2a@ihg.com.invalid,(615) 575-0919,951 Menomonie Plaza,Nashville,TN,37245,United States,Fish
84,4,Not Yet Invited,,,Galina,Lichfield,glichfield2b@wordpress.org.invalid,(505) 555-4485,3 Golf Drive,Albuquerque,NM,87140,United States,
85,5,Not Yet Invited,,,Lauri,Sissland,lsissland2c@blogtalkradio.com.invalid,(702) 745-5235,56 Monica Circle,Las Vegas,NV,89150,United States,Vegetarian
86,6,Invited - Pending Response,2020-01-01,1,Newton,Brothwell,nbrothwell2d@edublogs.org.invalid,(704) 864-6975,8007 Crescent Oaks Street,Charlotte,NC,28242,United States,Fish
87,7,Invited - Pending Response,2020-02-05,3,Ailbert,Laskey,alaskey2e@cdc.gov.invalid,(404) 452-7837,2 Melvin Junction,Decatur,GA,30089,United States,Crab
88,8,Invited - Pending Response,2020-03-15,2,Codee,Brinsford,cbrinsford2f@mozilla.org.invalid,(951) 975-1792,9043 Arapahoe Park,Moreno Valley,CA,92555,United States,
89,9,Attending,2020-04-01,2,Martelle,Ahrend,mahrend2g@ovh.net.invalid,(253) 652-4705,64477 Scoville Trail,Tacoma,WA,98405,United States,
90,10,Attending,2020-05-01,2,Patience,Petford,ppetford2h@arizona.edu.invalid,(412) 716-6224,7 American Ash Alley,Pittsburgh,PA,15240,United States,Pasta
91,1,Not Yet Invited,,,Mary,Orneles,morneles2i@friendfeed.com.invalid,(337) 522-2876,3 Brickson Park Road,Lake Charles,LA,70607,United States,Steak
92,2,Not Yet Invited,,,Chane,Comino,ccomino2j@angelfire.com.invalid,(203) 738-0271,46 Del Sol Avenue,Waterbury,CT,6705,United States,Steak
93,3,Not Yet Invited,,,Ebenezer,Puttock,eputtock2k@4shared.com.invalid,(626) 805-6513,51 Twin Pines Way,Pasadena,CA,91186,United States,Chicken
94,4,Not Yet Invited,,,Mia,Ladds,mladds2l@purevolume.com.invalid,(972) 128-8711,1 Sage Pass,Dallas,TX,75287,United States,
95,5,Not Yet Invited,,,Melodee,Druce,mdruce2m@skype.com.invalid,(770) 613-8007,6 Hansons Street,Atlanta,GA,30328,United States,Lamb
96,6,Invited - Pending Response,2020-01-01,1,Gale,Beldom,gbeldom2n@ucsd.edu.invalid,(619) 545-0354,945 Fallview Way,Santa Ana,CA,92705,United States,Pasta
97,7,Invited - Pending Response,2020-02-05,3,Urson,Widd,uwidd2o@dailymail.co.uk.invalid,(786) 428-1732,23 Dapin Trail,Miami,FL,33129,United States,Chicken
98,8,Invited - Pending Response,2020-03-15,2,Byrle,Quinnet,bquinnet2p@washington.edu.invalid,(310) 928-3534,11 Holy Cross Place,Los Angeles,CA,90035,United States,
99,9,Attending,2020-04-01,2,Berny,Nappin,bnappin2q@discovery.com.invalid,(701) 159-5866,1 Gina Point,Bismarck,ND,58505,United States,
100,10,Attending,2020-05-01,2,Cal,Durrance,cdurrance2r@nps.gov.invalid,(860) 968-5404,56 Kenwood Avenue,Hartford,CT,6140,United States,Lamb
101,1,Not Yet Invited,,,Kacy,Spinello,kspinello2s@walmart.com.invalid,(813) 855-4332,807 Oak Street,Tampa,FL,33680,United States,Pasta
102,2,Not Yet Invited,,,Jareb,Guyan,jguyan2t@slashdot.org.invalid,(240) 520-1462,4 Graceland Lane,Silver Spring,MD,20918,United States,Pasta
103,3,Not Yet Invited,,,Alric,Willetts,awilletts2u@businesswire.com.invalid,(605) 404-9865,3 Roxbury Crossing,Sioux Falls,SD,57105,United States,Fish
104,4,Not Yet Invited,,,Catriona,McCabe,cmccabe2v@webmd.com.invalid,(214) 357-2927,34771 Quincy Circle,Dallas,TX,75353,United States,
105,5,Not Yet Invited,,,Stanleigh,Lathwood,slathwood2w@dedecms.com.invalid,(478) 312-1511,44 Holmberg Place,Macon,GA,31205,United States,Vegetarian
106,6,Invited - Pending Response,2020-01-01,1,Jilli,Mate,jmate2x@theguardian.com.invalid,(901) 263-3938,4 Carberry Alley,Memphis,TN,38197,United States,Fish
107,7,Invited - Pending Response,2020-02-05,2,Virgil,Collyer,vcollyer2y@forbes.com.invalid,(334) 222-8285,0771 2nd Parkway,Montgomery,AL,36109,United States,Crab
108,8,Invited - Pending Response,2020-03-15,2,Lucius,Leblanc,lleblanc2z@google.com.br.invalid,(786) 666-3465,09 Heffernan Road,Miami,FL,33134,United States,
109,9,Attending,2020-04-01,1,Min,Wheelwright,mwheelwright30@patch.com.invalid,(412) 511-9103,84514 Transport Junction,Pittsburgh,PA,15279,United States,
110,10,Attending,2020-05-01,3,Ellary,Cardenas,ecardenas31@usnews.com.invalid,(404) 829-4242,13522 Pennsylvania Pass,Atlanta,GA,30358,United States,Chicken
111,1,Not Yet Invited,,,Abbie,Konig,akonig32@github.com.invalid,(504) 843-5486,743 Debra Parkway,New Orleans,LA,70149,United States,Pasta
112,2,Not Yet Invited,,,Polly,Feldman,pfeldman33@angelfire.com.invalid,(407) 890-9764,4553 Rieder Parkway,Orlando,FL,32859,United States,Steak
113,3,Not Yet Invited,,,Darryl,Ethington,dethington34@wunderground.com.invalid,(754) 326-3656,24 Memorial Way,Fort Lauderdale,FL,33345,United States,Chicken
114,4,Not Yet Invited,,,Daffi,Rabb,drabb35@merriam-webster.com.invalid,(602) 283-9445,2 Mariners Cove Circle,Phoenix,AZ,85072,United States,
115,5,Not Yet Invited,,,Happy,Plessing,hplessing36@unblog.fr.invalid,(727) 139-1963,86 Welch Lane,Clearwater,FL,34615,United States,Lamb
116,6,Invited - Pending Response,2020-01-01,2,Gaspar,Maiklem,gmaiklem37@columbia.edu.invalid,(304) 409-5037,647 Marcy Pass,Charleston,WV,25331,United States,Pasta
117,7,Invited - Pending Response,2020-02-05,2,Elysia,Flahy,eflahy38@narod.ru.invalid,(512) 764-8597,1036 Tennyson Drive,Austin,TX,78710,United States,Chicken
118,8,Invited - Pending Response,2020-03-15,1,Lauraine,Cars,lcars39@goo.gl.invalid,(402) 980-1169,41 Corscot Pass,Lincoln,NE,68510,United States,
119,9,Attending,2020-04-01,3,Antoni,Griffey,agriffey3a@google.com.hk.invalid,(432) 945-5508,58621 Delaware Trail,Odessa,TX,79769,United States,
120,10,Attending,2020-05-01,1,Conny,Fernanando,cfernanando3b@multiply.com.invalid,(714) 193-1103,5 Straubel Trail,Fullerton,CA,92835,United States,Chicken
121,1,Not Yet Invited,,,Giraldo,Iacovini,giacovini3c@cbsnews.com.invalid,(605) 655-7254,36 Del Mar Parkway,Sioux Falls,SD,57188,United States,Chicken
122,2,Not Yet Invited,,,Wally,McGeachey,wmcgeachey3d@fda.gov.invalid,(540) 561-6491,2925 Kennedy Lane,Roanoke,VA,24040,United States,Pasta
123,3,Not Yet Invited,,,Rickert,Gatlin,rgatlin3e@tinyurl.com.invalid,(352) 417-0958,54100 Dovetail Street,Ocala,FL,34479,United States,Fish
124,4,Not Yet Invited,,,Rayshell,Le Quesne,rlequesne3f@163.com.invalid,(936) 581-9597,2 Southridge Crossing,Beaumont,TX,77705,United States,
125,5,Not Yet Invited,,,Mellie,Bonevant,mbonevant3g@oaic.gov.au.invalid,(904) 568-9641,4 Melby Road,Jacksonville,FL,32244,United States,Vegetarian
126,6,Invited - Pending Response,2020-01-01,2,Delainey,Cheesworth,dcheesworth3h@ucoz.com.invalid,(682) 958-5387,16 Ilene Lane,Fort Worth,TX,76192,United States,Fish
127,7,Invited - Pending Response,2020-02-05,3,Avery,Ilbert,ailbert3i@nba.com.invalid,(801) 720-5548,39 Oak Point,Salt Lake City,UT,84189,United States,Crab
128,8,Invited - Pending Response,2020-03-15,2,Eartha,Wardrop,ewardrop3j@usda.gov.invalid,(304) 220-6715,65 Grasskamp Park,Charleston,WV,25336,United States,
129,9,Attending,2020-04-01,3,Karrah,Rolfini,krolfini3k@tamu.edu.invalid,(612) 484-2879,90 Loomis Center,Minneapolis,MN,55412,United States,
130,10,Not Attending,2020-05-01,2,Humfried,Fermin,hfermin3l@stumbleupon.com.invalid,(804) 930-0001,951 Spenser Street,Richmond,VA,23228,United States,Pasta
131,1,Not Yet Invited,,,Tania,McNern,tmcnern3m@ted.com.invalid,(713) 581-3151,0505 Pine View Place,Houston,TX,77223,United States,Steak
132,2,Not Yet Invited,,,Lulita,Gatecliffe,lgatecliffe3n@answers.com.invalid,(561) 413-9166,40301 Granby Place,Boca Raton,FL,33499,United States,Steak
133,3,Not Yet Invited,,,Slade,Surgison,ssurgison3o@sun.com.invalid,(616) 750-2794,971 Vidon Park,Grand Rapids,MI,49544,United States,Chicken
134,4,Not Yet Invited,,,Paulina,Manchett,pmanchett3p@posterous.com.invalid,(716) 422-3123,7 Petterle Court,Buffalo,NY,14205,United States,
135,5,Not Yet Invited,,,Vassily,Garvan,vgarvan3q@altervista.org.invalid,(202) 908-9292,0916 Maywood Center,Washington,DC,20238,United States,Lamb
136,6,Invited - Pending Response,2020-01-01,3,Gianni,MacRierie,gmacrierie3r@123-reg.co.uk.invalid,(205) 930-3552,266 Drewry Point,Birmingham,AL,35285,United States,Pasta
137,7,Invited - Pending Response,2020-02-05,1,Daisey,Gerald,dgerald3s@sfgate.com.invalid,(617) 210-2990,3453 Hazelcrest Crossing,Boston,MA,2124,United States,Chicken
138,8,Invited - Pending Response,2020-03-15,1,Gusella,Ashlee,gashlee3t@google.fr.invalid,(404) 402-5648,2 Fuller Court,Alpharetta,GA,30022,United States,
139,9,Attending,2020-04-01,3,Morgen,Trebbett,mtrebbett3u@businessweek.com.invalid,(330) 557-0170,1 1st Alley,Akron,OH,44321,United States,
140,10,Attending,2020-05-01,2,Mathias,Frankcombe,mfrankcombe3v@eepurl.com.invalid,(202) 971-7121,32712 Kedzie Street,Washington,DC,20088,United States,Lamb
141,1,Not Yet Invited,,,Zollie,Trimme,ztrimme3w@shop-pro.jp.invalid,(309) 884-7466,91 Beilfuss Terrace,Peoria,IL,61629,United States,Pasta
142,2,Not Yet Invited,,,Vern,Van Daalen,vvandaalen3x@ask.com.invalid,(303) 544-8133,18737 Paget Way,Denver,CO,80279,United States,Pasta
143,3,Not Yet Invited,,,Keefe,Queree,kqueree3y@salon.com.invalid,(573) 765-6558,0 Granby Lane,Columbia,MO,65211,United States,Fish
144,4,Not Yet Invited,,,Reggy,Massenhove,rmassenhove3z@cpanel.net.invalid,(920) 482-6436,44834 8th Drive,Appleton,WI,54915,United States,
145,5,Not Yet Invited,,,Willie,Cullington,wcullington40@joomla.org.invalid,(412) 280-7371,1 Cherokee Trail,Pittsburgh,PA,15240,United States,Vegetarian
146,6,Invited - Pending Response,2020-01-01,3,Maribeth,Felton,mfelton41@baidu.com.invalid,(205) 168-3899,4 Sachs Crossing,Birmingham,AL,35225,United States,Fish
147,7,Invited - Pending Response,2020-02-05,2,Corri,Silvers,csilvers42@github.com.invalid,(775) 235-4774,42605 Cardinal Crossing,Reno,NV,89510,United States,Crab
148,8,Invited - Pending Response,2020-03-15,2,Laurent,Ortega,lortega43@github.com.invalid,(585) 235-0414,272 Warner Circle,Rochester,NY,14609,United States,
149,9,Attending,2020-04-01,2,Debbi,Braban,dbraban44@msu.edu.invalid,(904) 746-5436,31456 Butternut Center,Jacksonville,FL,32215,United States,
150,10,Attending,2020-05-01,3,Allene,McQuode,amcquode45@stanford.edu.invalid,(951) 220-2524,3 Meadow Valley Avenue,Riverside,CA,92513,United States,Chicken
151,1,Not Yet Invited,,,Joane,Borth,jborth46@dedecms.com.invalid,(501) 569-2383,5265 Manitowish Circle,Little Rock,AR,72204,United States,Pasta
152,2,Not Yet Invited,,,Sean,Hewins,shewins47@multiply.com.invalid,(949) 826-0249,9 Anhalt Drive,Newport Beach,CA,92662,United States,Steak
153,3,Not Yet Invited,,,Bethany,Strathman,bstrathman48@dell.com.invalid,(540) 821-8775,4383 Commercial Terrace,Fredericksburg,VA,22405,United States,Chicken
154,4,Not Yet Invited,,,Durante,Coalburn,dcoalburn49@intel.com.invalid,(951) 941-1857,712 Debra Terrace,Riverside,CA,92519,United States,
155,5,Not Yet Invited,,,Sissy,Myrtle,smyrtle4a@geocities.com.invalid,(914) 708-6245,4894 Sullivan Alley,Mount Vernon,NY,10557,United States,Lamb
156,6,Invited - Pending Response,2020-01-01,2,Edithe,Verling,everling4b@istockphoto.com.invalid,(218) 429-7701,3615 Ryan Trail,Duluth,MN,55805,United States,Pasta
157,7,Invited - Pending Response,2020-02-05,1,Renae,Paffot,rpaffot4c@loc.gov.invalid,(316) 474-9511,46823 Thierer Avenue,Wichita,KS,67210,United States,Chicken
158,8,Invited - Pending Response,2020-03-15,1,Cleon,Mangin,cmangin4d@gizmodo.com.invalid,(253) 565-0070,6755 Russell Terrace,Seattle,WA,98166,United States,
159,9,Attending,2020-04-01,3,Siegfried,Lorking,slorking4e@wiley.com.invalid,(316) 268-4657,5 Sunfield Park,Wichita,KS,67215,United States,
160,10,Attending,2020-05-01,2,Karel,Redley,kredley4f@blogtalkradio.com.invalid,(402) 923-8801,28471 Old Gate Alley,Omaha,NE,68179,United States,Chicken
161,1,Not Yet Invited,,,Britte,Gainor,bgainor4g@engadget.com.invalid,(214) 574-9680,2105 Carberry Terrace,Dallas,TX,75387,United States,Chicken
162,2,Not Yet Invited,,,Artie,Bleakley,ableakley4h@berkeley.edu.invalid,(302) 830-6704,365 Northview Trail,Newark,DE,19725,United States,Pasta
163,3,Not Yet Invited,,,Tabatha,Fruin,tfruin4i@trellian.com.invalid,(636) 804-6771,4353 Mallard Street,Saint Louis,MO,63126,United States,Fish
164,4,Not Yet Invited,,,Aharon,Dunmuir,adunmuir4j@domainmarket.com.invalid,(915) 802-2821,09 Scofield Place,El Paso,TX,79968,United States,
165,5,Not Yet Invited,,,Sayer,Hammersley,shammersley4k@salon.com.invalid,(971) 748-5782,2 Welch Park,Portland,OR,97271,United States,Vegetarian
166,6,Invited - Pending Response,2020-01-01,2,Nicoli,Delve,ndelve4l@theatlantic.com.invalid,(404) 820-4358,42527 Wayridge Parkway,Atlanta,GA,30343,United States,Fish
167,7,Invited - Pending Response,2020-02-05,2,Nicko,Gavini,ngavini4m@wikipedia.org.invalid,(816) 994-0793,1 Dottie Trail,Kansas City,MO,64199,United States,Crab
168,8,Invited - Pending Response,2020-03-15,1,Jeane,Birckmann,jbirckmann4n@umn.edu.invalid,(757) 967-7419,361 Buhler Crossing,Newport News,VA,23605,United States,
169,9,Attending,2020-04-01,1,Jaime,Seer,jseer4o@cpanel.net.invalid,(916) 462-5571,754 Hintze Circle,Sacramento,CA,95828,United States,
170,10,Attending,2020-05-01,2,Anitra,Foxall,afoxall4p@tiny.cc.invalid,(602) 324-0182,09 Donald Road,Phoenix,AZ,85035,United States,Pasta
171,1,Not Yet Invited,,,Conan,Van Dijk,cvandijk4q@rediff.com.invalid,(814) 521-0445,01 Harbort Avenue,Erie,PA,16510,United States,Steak
172,2,Not Yet Invited,,,Marlon,Kliemann,mkliemann4r@geocities.com.invalid,(571) 546-0366,375 Fallview Court,Vienna,VA,22184,United States,Steak
173,3,Not Yet Invited,,,Rollins,Bras,rbras4s@blogtalkradio.com.invalid,(408) 130-5226,510 Autumn Leaf Point,San Jose,CA,95194,United States,Chicken
174,4,Not Yet Invited,,,Laurene,Witherup,lwitherup4t@miibeian.gov.cn.invalid,(972) 384-8919,928 Algoma Park,Dallas,TX,75236,United States,
175,5,Not Yet Invited,,,Vonny,Heeley,vheeley4u@independent.co.uk.invalid,(801) 598-2211,11562 Melvin Plaza,Sandy,UT,84093,United States,Lamb
176,6,Invited - Pending Response,2020-01-01,3,Nichol,Cozins,ncozins4v@joomla.org.invalid,(419) 370-9330,17659 Knutson Trail,Toledo,OH,43610,United States,Pasta
177,7,Invited - Pending Response,2020-02-05,2,Dell,Reddoch,dreddoch4w@businesswire.com.invalid,(571) 311-7563,3038 Jay Alley,Arlington,VA,22212,United States,Chicken
178,8,Invited - Pending Response,2020-03-15,2,Hewet,Davidman,hdavidman4x@tiny.cc.invalid,(410) 220-0620,716 Butternut Terrace,Ridgely,MD,21684,United States,
179,9,Attending,2020-04-01,2,Flor,Nolda,fnolda4y@shinystat.com.invalid,(713) 939-4966,6826 Eastlawn Way,Houston,TX,77218,United States,
180,10,Attending,2020-05-01,1,Francene,Rodder,frodder4z@hatena.ne.jp.invalid,(615) 238-3305,596 Bluestem Crossing,Nashville,TN,37235,United States,Lamb
181,1,Not Yet Invited,,,Cristin,Rushmer,crushmer50@chron.com.invalid,(714) 751-7659,48129 Oriole Way,Orange,CA,92867,United States,Pasta
182,2,Not Yet Invited,,,Davine,Rosita,drosita51@amazonaws.com.invalid,(801) 999-7311,6 Algoma Street,Salt Lake City,UT,84115,United States,Pasta
183,3,Not Yet Invited,,,Dorine,Brusin,dbrusin52@columbia.edu.invalid,(754) 712-9694,91976 North Way,Fort Lauderdale,FL,33320,United States,Fish
184,4,Not Yet Invited,,,Hermy,Plumtree,hplumtree53@go.com.invalid,(702) 844-2929,1 Eliot Avenue,Henderson,NV,89074,United States,
185,5,Not Yet Invited,,,Lu,Fetter,lfetter54@g.co.invalid,(513) 681-8271,934 Haas Trail,Cincinnati,OH,45238,United States,Vegetarian
186,6,Invited - Pending Response,2020-01-01,1,Stefan,Telford,stelford55@hubpages.com.invalid,(407) 392-6343,35 Ramsey Drive,Orlando,FL,32825,United States,Fish
187,7,Invited - Pending Response,2020-02-05,1,Mora,Ebrall,mebrall56@sciencedaily.com.invalid,(702) 193-3526,917 Hollow Ridge Point,Las Vegas,NV,89145,United States,Crab
188,8,Invited - Pending Response,2020-03-15,3,Brenda,Giacobelli,bgiacobelli57@lulu.com.invalid,(571) 888-9036,14 Duke Circle,Arlington,VA,22244,United States,
189,9,Attending,2020-04-01,2,Anatol,McMylor,amcmylor58@indiegogo.com.invalid,(302) 403-1514,4056 Glacier Hill Parkway,Wilmington,DE,19892,United States,
190,10,Not Attending,2020-05-01,3,Filia,Gainsbury,fgainsbury59@uol.com.br.invalid,(317) 369-1001,48099 Moulton Street,Indianapolis,IN,46226,United States,Chicken
191,1,Not Yet Invited,,,Randene,Mitkin,rmitkin5a@rediff.com.invalid,(513) 189-3550,6 Kennedy Junction,Cincinnati,OH,45999,United States,Pasta
192,2,Not Yet Invited,,,Dillie,Izchaki,dizchaki5b@xinhuanet.com.invalid,(903) 610-3104,51811 Spenser Pass,Tyler,TX,75799,United States,Steak
193,3,Not Yet Invited,,,Arne,Sieb,asieb5c@joomla.org.invalid,(928) 725-0338,5546 Barnett Alley,Peoria,AZ,85383,United States,Chicken
194,4,Not Yet Invited,,,Sharline,Phizakarley,sphizakarley5d@skyrock.com.invalid,(915) 150-4834,8 Dakota Trail,El Paso,TX,79994,United States,
195,5,Not Yet Invited,,,Herc,Inde,hinde5e@eventbrite.com.invalid,(602) 506-1488,9664 Elka Way,Glendale,AZ,85305,United States,Lamb
196,6,Invited - Pending Response,2020-01-01,2,Tatiania,Heyns,theyns5f@imgur.com.invalid,(502) 251-8325,3751 Pearson Road,Louisville,KY,40293,United States,Pasta
197,7,Invited - Pending Response,2020-02-05,2,Melodee,O'Daly,modaly5g@zimbio.com.invalid,(865) 556-3404,2 Marquette Hill,Knoxville,TN,37939,United States,Chicken
198,8,Invited - Pending Response,2020-03-15,2,Nigel,Simoes,nsimoes5h@friendfeed.com.invalid,(310) 706-6775,8545 Cascade Hill,Santa Monica,CA,90405,United States,
199,9,Attending,2020-04-01,3,Packston,Gandrich,pgandrich5i@dailymotion.com.invalid,(410) 171-9324,5644 Dayton Hill,Baltimore,MD,21282,United States,
200,10,Attending,2020-05-01,2,Paulie,Clayton,pclayton5j@cisco.com.invalid,(202) 853-0920,6510 Carey Lane,Washington,DC,20244,United States,Chicken
201,1,Not Yet Invited,,,Pietro,Filyaev,pfilyaev5k@t-online.de.invalid,(806) 720-5528,65109 Gale Court,Lubbock,TX,79491,United States,Chicken
202,2,Not Yet Invited,,,Kessiah,Hennington,khennington5l@yahoo.co.jp.invalid,(254) 257-0862,9319 Cordelia Place,Waco,TX,76711,United States,Pasta
203,3,Not Yet Invited,,,Roberta,Branwhite,rbranwhite5m@nifty.com.invalid,(718) 949-5297,77 Duke Court,New York City,NY,10024,United States,Fish
204,4,Not Yet Invited,,,Noellyn,Richin,nrichin5n@blogs.com.invalid,(626) 560-8827,21410 Chinook Alley,Van Nuys,CA,91411,United States,
205,5,Not Yet Invited,,,Kaia,Rolston,krolston5o@yellowpages.com.invalid,(404) 233-1502,4593 Gale Alley,Atlanta,GA,31132,United States,Vegetarian
206,6,Invited - Pending Response,2020-01-01,3,Karla,Hinchshaw,khinchshaw5p@utexas.edu.invalid,(248) 713-7152,3035 Burrows Way,Detroit,MI,48258,United States,Fish
207,7,Invited - Pending Response,2020-02-05,2,Oralla,Madgwich,omadgwich5q@dailymotion.com.invalid,(904) 161-2223,8126 Mitchell Junction,Jacksonville,FL,32259,United States,Crab
208,8,Invited - Pending Response,2020-03-15,1,Tuesday,Batistelli,tbatistelli5r@macromedia.com.invalid,(415) 186-1258,6 Fordem Point,San Francisco,CA,94126,United States,
209,9,Attending,2020-04-01,3,Abba,Heimes,aheimes5s@webeden.co.uk.invalid,(502) 476-1568,77613 Waubesa Park,Louisville,KY,40250,United States,
210,10,Attending,2020-05-01,2,Gaven,Rushmare,grushmare5t@163.com.invalid,(412) 808-2981,237 Basil Court,Pittsburgh,PA,15274,United States,Pasta
211,1,Not Yet Invited,,,Ashia,Heavy,aheavy5u@cargocollective.com.invalid,(304) 199-7105,115 Bellgrove Circle,Charleston,WV,25389,United States,Steak
212,2,Not Yet Invited,,,Garek,Burnham,gburnham5v@elegantthemes.com.invalid,(713) 712-6052,64 Lindbergh Street,Houston,TX,77245,United States,Steak
213,3,Not Yet Invited,,,Anselm,Brocks,abrocks5w@telegraph.co.uk.invalid,(562) 990-6983,1972 Dorton Alley,Long Beach,CA,90810,United States,Chicken
214,4,Not Yet Invited,,,Thomasina,Heater,theater5x@noaa.gov.invalid,(480) 905-1442,39 Longview Parkway,Mesa,AZ,85210,United States,
215,5,Not Yet Invited,,,Donny,Tolson,dtolson5y@redcross.org.invalid,(720) 659-2381,90882 Independence Center,Denver,CO,80241,United States,Lamb
216,6,Invited - Pending Response,2020-01-01,1,Vina,Tortoise,vtortoise5z@is.gd.invalid,(407) 367-2254,4968 School Pass,Orlando,FL,32868,United States,Pasta
217,7,Invited - Pending Response,2020-02-05,1,Zabrina,O'Cannavan,zocannavan60@ustream.tv.invalid,(925) 498-6459,5318 Lawn Trail,Concord,CA,94522,United States,Chicken
218,8,Invited - Pending Response,2020-03-15,2,Esra,Rogan,erogan61@fastcompany.com.invalid,(757) 517-5595,2 Basil Way,Virginia Beach,VA,23464,United States,
219,9,Attending,2020-04-01,3,Lem,Curnucke,lcurnucke62@soup.io.invalid,(347) 381-3541,6359 Portage Terrace,Flushing,NY,11388,United States,
220,10,Attending,2020-05-01,3,Salomone,Colt,scolt63@sciencedirect.com.invalid,(859) 367-1531,99885 Maple Wood Place,Lexington,KY,40591,United States,Lamb
221,1,Not Yet Invited,,,Silvie,Waslin,swaslin64@earthlink.net.invalid,(210) 572-8677,0 Grover Circle,San Antonio,TX,78296,United States,Pasta
222,2,Not Yet Invited,,,Harv,Isakovic,hisakovic65@java.com.invalid,(267) 446-0737,58105 Jackson Hill,Bethlehem,PA,18018,United States,Pasta
223,3,Not Yet Invited,,,Devonne,Keirl,dkeirl66@dagondesign.com.invalid,(610) 795-7507,5 Banding Plaza,Reading,PA,19605,United States,Fish
224,4,Not Yet Invited,,,Hanny,Galilee,hgalilee67@boston.com.invalid,(302) 927-3871,449 Kim Center,Newark,DE,19725,United States,
225,5,Not Yet Invited,,,Andros,Thresher,athresher68@scribd.com.invalid,(713) 943-2495,67 Graedel Parkway,Houston,TX,77266,United States,Vegetarian
226,6,Invited - Pending Response,2020-01-01,1,Annabal,Maharey,amaharey69@hubpages.com.invalid,(804) 973-9834,693 Village Point,Richmond,VA,23293,United States,Fish
227,7,Invited - Pending Response,2020-02-05,1,Suellen,Maccari,smaccari6a@usgs.gov.invalid,(312) 595-3157,44 Onsgard Place,Chicago,IL,60674,United States,Crab
228,8,Invited - Pending Response,2020-03-15,1,Maryanne,Satterley,msatterley6b@yahoo.com.invalid,(916) 453-2341,5 Service Junction,Sacramento,CA,94207,United States,
229,9,Attending,2020-04-01,1,Chaim,Blooman,cblooman6c@typepad.com.invalid,(814) 859-5978,85 Stoughton Center,Erie,PA,16522,United States,
230,10,Attending,2020-05-01,1,Salvatore,Feehan,sfeehan6d@thetimes.co.uk.invalid,(786) 696-6974,3 Gina Avenue,Miami,FL,33164,United States,Chicken
231,1,Not Yet Invited,,,Roy,Geely,rgeely6e@nba.com.invalid,(917) 933-2066,0 Myrtle Alley,Brooklyn,NY,11236,United States,Pasta
232,2,Not Yet Invited,,,Vivian,Singleton,vsingleton6f@barnesandnoble.com.invalid,(408) 635-0648,69 Magdeline Terrace,San Jose,CA,95155,United States,Steak
233,3,Not Yet Invited,,,Wynny,Campbell,wcampbell6g@last.fm.invalid,(319) 303-0137,5 Autumn Leaf Way,Iowa City,IA,52245,United States,Chicken
234,4,Not Yet Invited,,,Kelvin,Swanston,kswanston6h@yolasite.com.invalid,(772) 243-5691,5952 Kingsford Plaza,Port Saint Lucie,FL,34985,United States,
235,5,Not Yet Invited,,,Billie,Le Friec,blefriec6i@is.gd.invalid,(402) 271-0001,35975 2nd Place,Omaha,NE,68179,United States,Lamb
236,6,Invited - Pending Response,2020-01-01,2,Eleanore,Petriello,epetriello6j@mozilla.org.invalid,(205) 444-2633,1 Arapahoe Hill,Birmingham,AL,35220,United States,Pasta
237,7,Invited - Pending Response,2020-02-05,1,Berkly,Ranald,branald6k@aol.com.invalid,(203) 328-9667,3626 Elmside Point,Waterbury,CT,6721,United States,Chicken
238,8,Invited - Pending Response,2020-03-15,3,Shel,Richly,srichly6l@google.ca.invalid,(720) 544-5990,081 Corben Place,Littleton,CO,80127,United States,
239,9,Attending,2020-04-01,1,Tate,Dashkov,tdashkov6m@gmpg.org.invalid,(478) 461-5630,82 Oxford Hill,Macon,GA,31296,United States,
240,10,Not Attending,2020-05-01,3,Marjy,Godfree,mgodfree6n@qq.com.invalid,(405) 882-7016,0 Emmet Park,Oklahoma City,OK,73152,United States,Chicken
241,1,Not Yet Invited,,,Sondra,Vost,svost6o@gmpg.org.invalid,(405) 550-6048,794 West Crossing,Oklahoma City,OK,73129,United States,Chicken
242,2,Not Yet Invited,,,Sargent,Richardes,srichardes6p@hostgator.com.invalid,(413) 363-3068,04 Rigney Parkway,Springfield,MA,1114,United States,Pasta
243,3,Not Yet Invited,,,Jeffy,Keasley,jkeasley6q@1688.com.invalid,(972) 447-9918,95 International Hill,Arlington,TX,76016,United States,Fish
244,4,Not Yet Invited,,,Norby,Bussel,nbussel6r@bloglines.com.invalid,(202) 543-4467,65 Warrior Terrace,Washington,DC,20319,United States,
245,5,Not Yet Invited,,,Moritz,Mastrantone,mmastrantone6s@wikispaces.com.invalid,(757) 738-7350,87824 Merchant Way,Norfolk,VA,23520,United States,Vegetarian
246,6,Invited - Pending Response,2020-01-01,2,Brittaney,Cubin,bcubin6t@exblog.jp.invalid,(806) 889-7995,7977 Hoard Plaza,Amarillo,TX,79116,United States,Fish
247,7,Invited - Pending Response,2020-02-05,3,Ulric,Fotheringham,ufotheringham6u@51.la.invalid,(508) 629-1000,136 Holmberg Center,Brockton,MA,2405,United States,Crab
248,8,Invited - Pending Response,2020-03-15,2,Esdras,Stribling,estribling6v@hp.com.invalid,(574) 656-5973,620 Dahle Drive,South Bend,IN,46699,United States,
249,9,Attending,2020-04-01,3,Consolata,Nesey,cnesey6w@oaic.gov.au.invalid,(716) 497-3069,16923 Lillian Court,Buffalo,NY,14225,United States,
250,10,Attending,2020-05-01,1,Maisie,Chastney,mchastney6x@intel.com.invalid,(313) 121-3902,08 Carioca Hill,Detroit,MI,48217,United States,Pasta
251,1,Not Yet Invited,,,Bab,Abramcik,babramcik6y@hexun.com.invalid,(432) 830-7533,4416 Carioca Street,Odessa,TX,79769,United States,Steak
252,2,Not Yet Invited,,,Terry,Maddrell,tmaddrell6z@youtube.com.invalid,(614) 863-8452,5 Holmberg Avenue,Columbus,OH,43210,United States,Steak
253,3,Not Yet Invited,,,Goraud,Mellers,gmellers70@cisco.com.invalid,(317) 806-1604,3995 Esker Place,Indianapolis,IN,46254,United States,Chicken
254,4,Not Yet Invited,,,Zenia,O' Brian,zobrian71@hexun.com.invalid,(215) 816-5554,14944 Fulton Crossing,Philadelphia,PA,19131,United States,
255,5,Not Yet Invited,,,Billie,Judkin,bjudkin72@seattletimes.com.invalid,(305) 255-2528,68942 Nelson Drive,Naples,FL,33961,United States,Lamb
256,6,Invited - Pending Response,2020-01-01,3,Jermayne,Reicherz,jreicherz73@w3.org.invalid,(251) 230-2201,9 Badeau Road,Mobile,AL,36670,United States,Pasta
257,7,Invited - Pending Response,2020-02-05,1,Lurlene,Berthot,lberthot74@springer.com.invalid,(337) 394-4211,18 Susan Drive,Lafayette,LA,70505,United States,Chicken
258,8,Invited - Pending Response,2020-03-15,2,Torr,Croxford,tcroxford75@spiegel.de.invalid,(864) 788-3072,299 Algoma Road,Greenville,SC,29615,United States,
259,9,Attending,2020-04-01,2,Delcina,Ivakin,divakin76@gravatar.com.invalid,(214) 177-2911,51260 Pond Avenue,Dallas,TX,75265,United States,
260,10,Attending,2020-05-01,1,Maryellen,Gilcrist,mgilcrist77@w3.org.invalid,(718) 265-7014,74 Mallard Court,Bronx,NY,10474,United States,Lamb
261,1,Not Yet Invited,,,Aubrie,Glover,aglover78@wired.com.invalid,(510) 596-6507,97 New Castle Terrace,Oakland,CA,94660,United States,Pasta
262,2,Not Yet Invited,,,Lydie,Daymont,ldaymont79@vinaora.com.invalid,(918) 626-0197,88 Forest Park,Tulsa,OK,74103,United States,Pasta
263,3,Not Yet Invited,,,Wallie,Jaquiss,wjaquiss7a@kickstarter.com.invalid,(682) 144-2749,25 American Way,Fort Worth,TX,76105,United States,Fish
264,4,Not Yet Invited,,,Joella,Shewery,jshewery7b@buzzfeed.com.invalid,(813) 418-0472,84132 Gina Hill,Tampa,FL,33673,United States,
265,5,Not Yet Invited,,,Celestia,Fuente,cfuente7c@elpais.com.invalid,(989) 719-7268,93783 Anhalt Point,Midland,MI,48670,United States,Vegetarian
266,6,Invited - Pending Response,2020-01-01,2,Hans,Santos,hsantos7d@comsenz.com.invalid,(302) 895-7629,45538 Dovetail Place,Wilmington,DE,19805,United States,Fish
267,7,Invited - Pending Response,2020-02-05,2,Stanleigh,Ashborne,sashborne7e@behance.net.invalid,(216) 883-8859,29347 Daystar Road,Cleveland,OH,44118,United States,Crab
268,8,Invited - Pending Response,2020-03-15,1,Devy,Marcam,dmarcam7f@odnoklassniki.ru.invalid,(562) 210-6558,24 Mallory Hill,Long Beach,CA,90840,United States,
269,9,Attending,2020-04-01,2,Allianora,Pickover,apickover7g@youtube.com.invalid,(434) 328-7211,309 Westend Plaza,Lynchburg,VA,24515,United States,
270,10,Attending,2020-05-01,1,Arline,Wiltshear,awiltshear7h@amazon.co.jp.invalid,(505) 161-2042,46 Manley Crossing,Albuquerque,NM,87180,United States,Chicken
271,1,Not Yet Invited,,,Lorin,Mackrell,lmackrell7i@live.com.invalid,(352) 415-7645,20 Dwight Park,Spring Hill,FL,34611,United States,Pasta
272,2,Not Yet Invited,,,Rosa,Kochlin,rkochlin7j@weibo.com.invalid,(863) 129-9444,3134 Lyons Circle,Lehigh Acres,FL,33972,United States,Steak
273,3,Not Yet Invited,,,Tate,MacGillicuddy,tmacgillicuddy7k@mail.ru.invalid,(617) 666-5137,4791 Lunder Center,Boston,MA,2124,United States,Chicken
274,4,Not Yet Invited,,,Orella,Saffell,osaffell7l@amazonaws.com.invalid,(703) 892-2630,70558 Grasskamp Center,Arlington,VA,22205,United States,
275,5,Not Yet Invited,,,Maggee,Rocco,mrocco7m@omniture.com.invalid,(215) 209-2613,2888 Pennsylvania Trail,Philadelphia,PA,19160,United States,Lamb
276,6,Invited - Pending Response,2020-01-01,1,Giffer,Ballard,gballard7n@dailymotion.com.invalid,(316) 844-8024,625 Logan Drive,Wichita,KS,67230,United States,Pasta
277,7,Invited - Pending Response,2020-02-05,1,Mair,Spain-Gower,mspaingower7o@earthlink.net.invalid,(407) 606-6044,01759 Little Fleur Junction,Kissimmee,FL,34745,United States,Chicken
278,8,Invited - Pending Response,2020-03-15,2,Melony,Wheal,mwheal7p@acquirethisname.com.invalid,(208) 627-2046,0583 West Crossing,Boise,ID,83705,United States,
279,9,Attending,2020-04-01,3,Ase,Redwall,aredwall7q@discovery.com.invalid,(912) 498-3851,44 Talisman Point,Savannah,GA,31416,United States,
280,10,Attending,2020-05-01,2,Waylen,Pittel,wpittel7r@com.com.invalid,(206) 605-9941,58 Leroy Lane,Seattle,WA,98133,United States,Chicken
281,1,Not Yet Invited,,,Mallory,Coate,mcoate7s@eepurl.com.invalid,(312) 778-2618,36 Westerfield Park,Chicago,IL,60624,United States,Chicken
282,2,Not Yet Invited,,,Audrey,Nelmes,anelmes7t@paypal.com.invalid,(423) 848-0569,0 Basil Park,Johnson City,TN,37605,United States,Pasta
283,3,Not Yet Invited,,,Ky,Brattan,kbrattan7u@vinaora.com.invalid,(617) 887-0041,685 Vernon Parkway,Boston,MA,2208,United States,Fish
284,4,Not Yet Invited,,,Gabie,Rowlings,growlings7v@barnesandnoble.com.invalid,(518) 512-3023,3 Talmadge Hill,Albany,NY,12255,United States,
285,5,Not Yet Invited,,,Gisella,Hassent,ghassent7w@ebay.com.invalid,(316) 483-4465,90739 Wayridge Court,Wichita,KS,67220,United States,Vegetarian
286,6,Invited - Pending Response,2020-01-01,3,Dyanna,Randals,drandals7x@infoseek.co.jp.invalid,(757) 708-0303,4 Erie Point,Virginia Beach,VA,23454,United States,Fish
287,7,Invited - Pending Response,2020-02-05,2,Ludovika,Gwinn,lgwinn7y@washington.edu.invalid,(585) 287-3980,4508 Birchwood Alley,Rochester,NY,14646,United States,Crab
288,8,Invited - Pending Response,2020-03-15,3,Alva,Thompstone,athompstone7z@spotify.com.invalid,(253) 324-4577,93319 Corry Lane,Tacoma,WA,98442,United States,
289,9,Attending,2020-04-01,3,Liam,Carme,lcarme80@ebay.com.invalid,(775) 735-5493,92085 Shasta Pass,Carson City,NV,89706,United States,
290,10,Attending,2020-05-01,2,Charmion,Lowen,clowen81@sphinn.com.invalid,(415) 979-9919,696 Bartillon Terrace,San Rafael,CA,94913,United States,Pasta
291,1,Not Yet Invited,,,Bryant,Popeley,bpopeley82@chronoengine.com.invalid,(334) 818-6820,76697 Novick Pass,Montgomery,AL,36177,United States,Steak
292,2,Not Yet Invited,,,Wildon,Bricknall,wbricknall83@fc2.com.invalid,(303) 728-6714,7516 Hanson Trail,Littleton,CO,80126,United States,Steak
293,3,Not Yet Invited,,,Tiphanie,Auchterlony,tauchterlony84@nytimes.com.invalid,(512) 961-4319,567 Miller Crossing,Austin,TX,78710,United States,Chicken
294,4,Not Yet Invited,,,Gaston,Lenglet,glenglet85@uol.com.br.invalid,(806) 444-0352,8 Northfield Center,Amarillo,TX,79159,United States,
295,5,Not Yet Invited,,,Barbe,Klimus,bklimus86@google.com.br.invalid,(512) 943-8246,68155 Heath Lane,Austin,TX,78721,United States,Lamb
296,6,Invited - Pending Response,2020-01-01,1,Lillis,MacKessock,lmackessock87@cdbaby.com.invalid,(858) 629-4076,0320 Ridgeway Lane,San Diego,CA,92105,United States,Pasta
297,7,Invited - Pending Response,2020-02-05,1,Nani,Reyner,nreyner88@so-net.ne.jp.invalid,(402) 936-5189,5069 Lawn Drive,Omaha,NE,68105,United States,Chicken
298,8,Invited - Pending Response,2020-03-15,1,Kimberlee,Guilloud,kguilloud89@ocn.ne.jp.invalid,(202) 967-4115,03890 Sage Circle,Washington,DC,20310,United States,
299,9,Attending,2020-04-01,3,Valery,Fellona,vfellona8a@about.me.invalid,(202) 762-3796,05236 Dovetail Point,Silver Spring,MD,20910,United States,
300,10,Attending,2020-05-01,1,Madge,Wordington,mwordington8b@who.int.invalid,(347) 510-2398,20 Brickson Park Place,Brooklyn,NY,11241,United States,Lamb
301,1,Not Yet Invited,,,Melania,Tumpane,mtumpane8c@hatena.ne.jp.invalid,(916) 103-4690,5 Hoffman Way,Sacramento,CA,95865,United States,Pasta
302,2,Not Yet Invited,,,Andrei,Hamelyn,ahamelyn8d@springer.com.invalid,(217) 797-1372,48035 Swallow Parkway,Springfield,IL,62705,United States,Pasta
303,3,Not Yet Invited,,,Annecorinne,Berfoot,aberfoot8e@gizmodo.com.invalid,(206) 729-1326,1 Arapahoe Parkway,Seattle,WA,98104,United States,Fish
304,4,Not Yet Invited,,,Reube,Baribal,rbaribal8f@utexas.edu.invalid,(612) 343-1685,71178 Troy Terrace,Minneapolis,MN,55417,United States,
305,5,Not Yet Invited,,,Clifford,Sheerman,csheerman8g@google.com.au.invalid,(718) 627-8120,42479 Menomonie Parkway,New York City,NY,10019,United States,Vegetarian
306,6,Invited - Pending Response,2020-01-01,3,Gerhardt,Colbertson,gcolbertson8h@godaddy.com.invalid,(913) 684-2712,5 Old Shore Terrace,Shawnee Mission,KS,66286,United States,Fish
307,7,Invited - Pending Response,2020-02-05,1,Therine,Bramham,tbramham8i@biblegateway.com.invalid,(254) 464-3343,54845 Packers Circle,Killeen,TX,76544,United States,Crab
308,8,Invited - Pending Response,2020-03-15,3,Cindee,Eadmeads,ceadmeads8j@dion.ne.jp.invalid,(508) 344-8515,7 Crescent Oaks Terrace,Worcester,MA,1605,United States,
309,9,Attending,2020-04-01,3,Cherianne,Utteridge,cutteridge8k@dailymotion.com.invalid,(505) 920-5875,9128 Mayfield Terrace,Las Cruces,NM,88006,United States,
310,10,Not Attending,2020-05-01,1,Nelly,Harryman,nharryman8l@dell.com.invalid,(203) 863-6166,37225 Hollow Ridge Court,Norwalk,CT,6859,United States,Chicken
311,1,Not Yet Invited,,,Beatrice,Beumant,bbeumant8m@newsvine.com.invalid,(619) 917-1358,0 Helena Way,San Diego,CA,92132,United States,Pasta
312,2,Not Yet Invited,,,Jordanna,Challoner,jchalloner8n@vk.com.invalid,(212) 726-0775,0885 Butternut Junction,New York City,NY,10045,United States,Steak
313,3,Not Yet Invited,,,Aliza,Gait,agait8o@miibeian.gov.cn.invalid,(509) 366-4960,738 Almo Parkway,Spokane,WA,99215,United States,Chicken
314,4,Not Yet Invited,,,Grantham,Mattielli,gmattielli8p@trellian.com.invalid,(918) 944-4521,8 Brown Place,Tulsa,OK,74108,United States,
315,5,Not Yet Invited,,,Carlo,Byrd,cbyrd8q@huffingtonpost.com.invalid,(402) 771-8672,3 Arapahoe Way,Lincoln,NE,68583,United States,Lamb
316,6,Invited - Pending Response,2020-01-01,3,Josh,Ingarfield,jingarfield8r@1688.com.invalid,(803) 263-5185,582 Old Gate Hill,Aiken,SC,29805,United States,Pasta
317,7,Invited - Pending Response,2020-02-05,1,Gard,Vallintine,gvallintine8s@phoca.cz.invalid,(915) 351-5958,7051 Steensland Drive,El Paso,TX,79994,United States,Chicken
318,8,Invited - Pending Response,2020-03-15,2,Aigneis,Johnigan,ajohnigan8t@globo.com.invalid,(626) 717-4985,78117 Vera Junction,Anaheim,CA,92805,United States,
319,9,Attending,2020-04-01,2,Quentin,Grimditch,qgrimditch8u@uiuc.edu.invalid,(602) 901-4585,42 Oak Valley Way,Phoenix,AZ,85053,United States,
320,10,Attending,2020-05-01,2,Orson,Kubasiewicz,okubasiewicz8v@abc.net.au.invalid,(757) 193-8939,60269 Scofield Trail,Richmond,VA,23225,United States,Chicken
321,1,Not Yet Invited,,,Adolphe,Eardley,aeardley8w@ameblo.jp.invalid,(508) 814-4156,6 Garrison Alley,Worcester,MA,1605,United States,Chicken
322,2,Not Yet Invited,,,Guillaume,Ealden,gealden8x@360.cn.invalid,(626) 737-0736,03 Eastlawn Avenue,Pasadena,CA,91117,United States,Pasta
323,3,Not Yet Invited,,,Errol,Aymer,eaymer8y@nsw.gov.au.invalid,(205) 703-0149,02 Delaware Drive,Birmingham,AL,35215,United States,Fish
324,4,Not Yet Invited,,,Lacy,Ferson,lferson8z@usnews.com.invalid,(316) 505-8575,2207 Elka Junction,Wichita,KS,67230,United States,
325,5,Not Yet Invited,,,Adoree,Phipps,aphipps90@123-reg.co.uk.invalid,(907) 483-3223,1434 Hallows Point,Anchorage,AK,99522,United States,Vegetarian
326,6,Invited - Pending Response,2020-01-01,1,Michael,Aldam,maldam91@huffingtonpost.com.invalid,(440) 137-9396,30940 Holmberg Crossing,Cleveland,OH,44177,United States,Fish
327,7,Invited - Pending Response,2020-02-05,2,Myrilla,Behninck,mbehninck92@discovery.com.invalid,(404) 186-4552,10008 Sugar Place,Atlanta,GA,30380,United States,Crab
328,8,Invited - Pending Response,2020-03-15,3,Georgiana,Angrock,gangrock93@fastcompany.com.invalid,(404) 659-8295,84 Maple Street,Decatur,GA,30033,United States,
329,9,Attending,2020-04-01,1,Flo,Osler,fosler94@tinypic.com.invalid,(530) 293-6219,5954 Merrick Place,Chico,CA,95973,United States,
330,10,Attending,2020-05-01,2,Xever,Blaase,xblaase95@prweb.com.invalid,(509) 876-9050,70245 Stone Corner Drive,Spokane,WA,99252,United States,Pasta
331,1,Not Yet Invited,,,Charo,Rive,crive96@eepurl.com.invalid,(916) 518-6249,501 Esker Center,Sacramento,CA,95894,United States,Steak
332,2,Not Yet Invited,,,Magdalene,Acaster,macaster97@yale.edu.invalid,(862) 242-0602,1600 Red Cloud Center,Paterson,NJ,7505,United States,Steak
333,3,Not Yet Invited,,,Dagny,Sang,dsang98@a8.net.invalid,(713) 666-7031,4710 Mayer Lane,Spring,TX,77386,United States,Chicken
334,4,Not Yet Invited,,,Janean,Reeks,jreeks99@about.com.invalid,(570) 812-7296,1 Eagan Crossing,Wilkes Barre,PA,18768,United States,
335,5,Not Yet Invited,,,Velvet,Whannel,vwhannel9a@weibo.com.invalid,(425) 505-9104,95 Montana Parkway,Kent,WA,98042,United States,Lamb
336,6,Invited - Pending Response,2020-01-01,1,Laryssa,Coomber,lcoomber9b@addthis.com.invalid,(612) 663-5058,8 Ohio Court,Minneapolis,MN,55487,United States,Pasta
337,7,Invited - Pending Response,2020-02-05,2,Marti,Stanford,mstanford9c@uiuc.edu.invalid,(916) 704-9343,44286 Northport Plaza,Sacramento,CA,94291,United States,Chicken
338,8,Invited - Pending Response,2020-03-15,3,Germayne,Dorset,gdorset9d@craigslist.org.invalid,(000) 697-5308,43848 Fieldstone Parkway,Pittsburgh,PA,15266,United States,
339,9,Attending,2020-04-01,1,Benjamen,Shaplin,bshaplin9e@samsung.com.invalid,(972) 964-3204,9 Artisan Center,Dallas,TX,75231,United States,
340,10,Attending,2020-05-01,3,Filide,Spurnier,fspurnier9f@myspace.com.invalid,(202) 460-0681,96561 Ridgeview Junction,Washington,DC,20062,United States,Lamb
341,1,Not Yet Invited,,,Irma,Gornall,igornall9g@meetup.com.invalid,(202) 935-4476,28378 Vernon Terrace,Washington,DC,20470,United States,Pasta
342,2,Not Yet Invited,,,Benjamen,Jedraszczyk,bjedraszczyk9h@google.de.invalid,(941) 840-8534,460 Tennessee Crossing,Bradenton,FL,34282,United States,Pasta
343,3,Not Yet Invited,,,Anna-maria,Jorger,ajorger9i@google.nl.invalid,(253) 204-7140,46 Dawn Circle,Lakewood,WA,98498,United States,Fish
344,4,Not Yet Invited,,,Loraine,Beacham,lbeacham9j@huffingtonpost.com.invalid,(239) 453-1334,07671 Kenwood Plaza,Cape Coral,FL,33915,United States,
345,5,Not Yet Invited,,,Boote,McCool,bmccool9k@biblegateway.com.invalid,(425) 420-6053,90232 East Lane,Seattle,WA,98133,United States,Vegetarian
346,6,Invited - Pending Response,2020-01-01,2,Bibbie,Simo,bsimo9l@hud.gov.invalid,(254) 257-7912,1 Cody Center,Waco,TX,76796,United States,Fish
347,7,Invited - Pending Response,2020-02-05,3,Jacquetta,Mattheus,jmattheus9m@smh.com.au.invalid,(757) 182-5653,9532 Green Ridge Court,Hampton,VA,23663,United States,Crab
348,8,Invited - Pending Response,2020-03-15,3,Brenn,Collman,bcollman9n@yahoo.com.invalid,(216) 568-1919,506 Merry Point,Cleveland,OH,44111,United States,
349,9,Attending,2020-04-01,3,Dell,Takos,dtakos9o@phoca.cz.invalid,(661) 685-7787,8495 Oak Point,Burbank,CA,91505,United States,
350,10,Attending,2020-05-01,3,Adeline,Virr,avirr9p@noaa.gov.invalid,(915) 219-3289,90403 Doe Crossing Pass,El Paso,TX,79989,United States,Chicken
351,1,Not Yet Invited,,,Byrom,Antonchik,bantonchik9q@sciencedirect.com.invalid,(757) 803-5583,69707 Arkansas Road,Hampton,VA,23668,United States,Pasta
352,2,Not Yet Invited,,,Birgitta,Elger,belger9r@e-recht24.de.invalid,(412) 418-0871,01349 4th Place,Pittsburgh,PA,15220,United States,Steak
353,3,Not Yet Invited,,,Stefa,Luckham,sluckham9s@livejournal.com.invalid,(912) 845-9988,4778 Lakeland Plaza,Savannah,GA,31422,United States,Chicken
354,4,Not Yet Invited,,,Dirk,Dewen,ddewen9t@redcross.org.invalid,(213) 141-4972,1 Beilfuss Center,Los Angeles,CA,90030,United States,
355,5,Not Yet Invited,,,Jobina,Elecum,jelecum9u@harvard.edu.invalid,(231) 136-3355,1832 Forest Road,Muskegon,MI,49444,United States,Lamb
356,6,Invited - Pending Response,2020-01-01,3,Tito,Vel,tvel9v@amazon.co.jp.invalid,(540) 734-9881,69016 Briar Crest Court,Roanoke,VA,24024,United States,Pasta
357,7,Invited - Pending Response,2020-02-05,2,Nicky,Greedier,ngreedier9w@mapy.cz.invalid,(251) 222-2819,92 1st Alley,Mobile,AL,36605,United States,Chicken
358,8,Invited - Pending Response,2020-03-15,2,Hildegaard,Mation,hmation9x@meetup.com.invalid,(772) 107-8979,1903 Dahle Terrace,Vero Beach,FL,32969,United States,
359,9,Attending,2020-04-01,2,August,Boyn,aboyn9y@vinaora.com.invalid,(203) 323-6955,64264 Westend Pass,Bridgeport,CT,6606,United States,
360,10,Attending,2020-05-01,3,Wadsworth,Gaspar,wgaspar9z@eventbrite.com.invalid,(408) 952-0568,32970 Westend Junction,San Jose,CA,95150,United States,Chicken
361,1,Not Yet Invited,,,Marji,Gilks,mgilksa0@vkontakte.ru.invalid,(713) 671-6584,07585 Shelley Trail,Houston,TX,77240,United States,Chicken
362,2,Not Yet Invited,,,Catharine,Ludwig,cludwiga1@printfriendly.com.invalid,(954) 496-6958,1371 Randy Park,Fort Lauderdale,FL,33330,United States,Pasta
363,3,Not Yet Invited,,,Rube,Praton,rpratona2@stanford.edu.invalid,(856) 769-5025,70 Parkside Circle,Camden,NJ,8104,United States,Fish
364,4,Not Yet Invited,,,Eolanda,Abells,eabellsa3@prnewswire.com.invalid,(210) 602-1778,688 Reindahl Terrace,San Antonio,TX,78255,United States,
365,5,Not Yet Invited,,,Karoly,Blastock,kblastocka4@wordpress.com.invalid,(513) 280-2463,647 Maryland Alley,Cincinnati,OH,45264,United States,Vegetarian
366,6,Invited - Pending Response,2020-01-01,1,Scott,Oxton,soxtona5@artisteer.com.invalid,(713) 956-8670,71 Green Ridge Street,Houston,TX,77299,United States,Fish
367,7,Invited - Pending Response,2020-02-05,2,Collen,Hembrow,chembrowa6@cbslocal.com.invalid,(215) 709-6155,0 Eliot Center,Philadelphia,PA,19136,United States,Crab
368,8,Invited - Pending Response,2020-03-15,3,Amandi,Lawie,alawiea7@wp.com.invalid,(786) 149-6028,331 Randy Junction,Miami,FL,33124,United States,
369,9,Attending,2020-04-01,3,Kathe,Cassar,kcassara8@hibu.com.invalid,(571) 646-3704,6 Nova Avenue,Arlington,VA,22205,United States,
370,10,Attending,2020-05-01,1,Sherlock,Millbank,smillbanka9@google.com.au.invalid,(978) 481-6998,29501 Vera Junction,Boston,MA,2283,United States,Pasta
371,1,Not Yet Invited,,,Dur,Lovie,dlovieaa@phpbb.com.invalid,(414) 306-9353,0669 Novick Center,Milwaukee,WI,53234,United States,Steak
372,2,Not Yet Invited,,,Tish,Singyard,tsingyardab@umn.edu.invalid,(612) 223-1730,8151 Oakridge Park,Minneapolis,MN,55458,United States,Steak
373,3,Not Yet Invited,,,Golda,Goodswen,ggoodswenac@google.ru.invalid,(209) 974-1031,36 Springs Center,Modesto,CA,95354,United States,Chicken
374,4,Not Yet Invited,,,Thorsten,Rissen,trissenad@xing.com.invalid,(304) 261-7895,78945 Randy Park,Charleston,WV,25362,United States,
375,5,Not Yet Invited,,,Jillane,Vear,jvearae@boston.com.invalid,(405) 637-9134,3911 Coleman Pass,Oklahoma City,OK,73135,United States,Lamb
376,6,Invited - Pending Response,2020-01-01,2,Jillayne,Hefford,jheffordaf@bing.com.invalid,(734) 476-9533,60103 Pleasure Park,Dearborn,MI,48126,United States,Pasta
377,7,Invited - Pending Response,2020-02-05,2,Charissa,Britto,cbrittoag@bloomberg.com.invalid,(501) 582-5886,524 Lake View Parkway,North Little Rock,AR,72118,United States,Chicken
378,8,Invited - Pending Response,2020-03-15,3,Ravid,Kasting,rkastingah@home.pl.invalid,(571) 283-0286,99658 Cascade Alley,Arlington,VA,22205,United States,
379,9,Attending,2020-04-01,2,Hamid,Dottridge,hdottridgeai@linkedin.com.invalid,(267) 912-8259,364 Lindbergh Parkway,Philadelphia,PA,19104,United States,
380,10,Attending,2020-05-01,3,Fara,McKiernan,fmckiernanaj@desdev.cn.invalid,(626) 862-0700,7 Mosinee Plaza,Los Angeles,CA,90010,United States,Lamb
381,1,Not Yet Invited,,,Burgess,Cowx,bcowxak@google.nl.invalid,(801) 207-5771,7542 Fieldstone Park,Salt Lake City,UT,84125,United States,Pasta
382,2,Not Yet Invited,,,Gianni,Olczak,golczakal@php.net.invalid,(215) 790-6714,13 Goodland Lane,Philadelphia,PA,19109,United States,Pasta
383,3,Not Yet Invited,,,Stafford,Whate,swhateam@ameblo.jp.invalid,(615) 297-9309,63797 Buell Avenue,Nashville,TN,37228,United States,Fish
384,4,Not Yet Invited,,,Ahmad,Hanster,ahansteran@adobe.com.invalid,(314) 727-1954,532 7th Place,Saint Louis,MO,63158,United States,
385,5,Not Yet Invited,,,Aylmar,Earey,aeareyao@surveymonkey.com.invalid,(480) 793-9162,5962 Fulton Crossing,Phoenix,AZ,85040,United States,Vegetarian
386,6,Invited - Pending Response,2020-01-01,1,Vance,Pllu,vplluap@ehow.com.invalid,(317) 608-3165,2055 Myrtle Parkway,Indianapolis,IN,46226,United States,Fish
387,7,Invited - Pending Response,2020-02-05,2,Claudio,Swanton,cswantonaq@biglobe.ne.jp.invalid,(301) 654-2340,004 Barby Way,Silver Spring,MD,20910,United States,Crab
388,8,Invited - Pending Response,2020-03-15,2,Caro,Wollacott,cwollacottar@timesonline.co.uk.invalid,(713) 735-0752,7756 Kensington Drive,Houston,TX,77218,United States,
389,9,Attending,2020-04-01,3,Clareta,Bugbird,cbugbirdas@ebay.co.uk.invalid,(805) 462-9992,971 Rusk Place,Bakersfield,CA,93305,United States,
390,10,Not Attending,2020-05-01,2,Gabie,Fyers,gfyersat@discovery.com.invalid,(901) 427-9476,9 Hauk Park,Memphis,TN,38109,United States,Chicken
391,1,Not Yet Invited,,,Larine,Chat,lchatau@ox.ac.uk.invalid,(419) 790-4971,7158 Golf Course Terrace,Toledo,OH,43699,United States,Pasta
392,2,Not Yet Invited,,,Milka,Miner,mminerav@businessweek.com.invalid,(518) 244-0323,64645 International Hill,Albany,NY,12222,United States,Steak
393,3,Not Yet Invited,,,Dick,Fearnyough,dfearnyoughaw@behance.net.invalid,(904) 206-5610,46473 Twin Pines Plaza,Jacksonville,FL,32244,United States,Chicken
394,4,Not Yet Invited,,,Dwain,Hobden,dhobdenax@meetup.com.invalid,(469) 871-9163,874 Garrison Hill,Dallas,TX,75241,United States,
395,5,Not Yet Invited,,,Ricoriki,Semiras,rsemirasay@oaic.gov.au.invalid,(386) 178-6274,55 Oxford Junction,Daytona Beach,FL,32123,United States,Lamb
396,6,Invited - Pending Response,2020-01-01,1,Ethelred,Skyrme,eskyrmeaz@vimeo.com.invalid,(330) 450-4144,751 Lawn Parkway,Canton,OH,44705,United States,Pasta
397,7,Invited - Pending Response,2020-02-05,2,Rodge,Folger,rfolgerb0@webs.com.invalid,(210) 132-4434,712 Clyde Gallagher Avenue,San Antonio,TX,78245,United States,Chicken
398,8,Invited - Pending Response,2020-03-15,2,Bathsheba,Dimic,bdimicb1@washingtonpost.com.invalid,(773) 498-2919,1 Elmside Plaza,Chicago,IL,60636,United States,
399,9,Attending,2020-04-01,2,Edgar,Sporle,esporleb2@umn.edu.invalid,(407) 595-6482,2629 Grayhawk Drive,Daytona Beach,FL,32118,United States,
400,10,Attending,2020-05-01,1,Robers,Kelwick,rkelwickb3@usa.gov.invalid,(615) 409-7149,71 Crest Line Trail,Nashville,TN,37240,United States,Chicken
401,1,Not Yet Invited,,,Bentley,Jacomb,bjacombb4@smugmug.com.invalid,(850) 141-5359,22751 Clove Center,Tallahassee,FL,32309,United States,Chicken
402,2,Not Yet Invited,,,Leontine,Hoy,lhoyb5@mlb.com.invalid,(413) 186-0644,3 Cambridge Place,Springfield,MA,1114,United States,Pasta
403,3,Not Yet Invited,,,Georgina,Frede,gfredeb6@cisco.com.invalid,(215) 882-3305,26940 Continental Crossing,Philadelphia,PA,19109,United States,Fish
404,4,Not Yet Invited,,,Merrel,Tommasuzzi,mtommasuzzib7@i2i.jp.invalid,(316) 432-7578,97301 Holmberg Place,Wichita,KS,67236,United States,
405,5,Not Yet Invited,,,Hebert,Josland,hjoslandb8@com.com.invalid,(910) 147-5855,1 Sutherland Crossing,Wilmington,NC,28410,United States,Vegetarian
406,6,Invited - Pending Response,2020-01-01,1,Pennie,Casper,pcasperb9@theguardian.com.invalid,(904) 857-3614,31 Moulton Pass,Jacksonville,FL,32277,United States,Fish
407,7,Invited - Pending Response,2020-02-05,1,Malory,Gillise,mgilliseba@google.ru.invalid,(814) 550-2452,00574 Algoma Pass,Erie,PA,16505,United States,Crab
408,8,Invited - Pending Response,2020-03-15,1,Penni,Spon,psponbb@hibu.com.invalid,(920) 109-6433,0488 Rutledge Alley,Green Bay,WI,54305,United States,
409,9,Attending,2020-04-01,3,George,Tuther,gtutherbc@clickbank.net.invalid,(304) 734-8364,91 Merry Place,Charleston,WV,25305,United States,
410,10,Attending,2020-05-01,1,Odelinda,Tuxill,otuxillbd@shutterfly.com.invalid,(415) 257-8950,0763 Vernon Park,Hayward,CA,94544,United States,Pasta
411,1,Not Yet Invited,,,Catlee,Dewdney,cdewdneybe@yahoo.com.invalid,(713) 937-1420,2136 Lillian Center,Houston,TX,77010,United States,Steak
412,2,Not Yet Invited,,,Skippy,Jervoise,sjervoisebf@ow.ly.invalid,(910) 311-6419,459 Grasskamp Court,Fayetteville,NC,28314,United States,Steak
413,3,Not Yet Invited,,,Chev,Dominichetti,cdominichettibg@cnn.com.invalid,(215) 434-0370,6 Homewood Alley,Philadelphia,PA,19141,United States,Chicken
414,4,Not Yet Invited,,,Rubia,Arnson,rarnsonbh@imageshack.us.invalid,(202) 633-9741,002 Burning Wood Circle,Washington,DC,20215,United States,
415,5,Not Yet Invited,,,Cheslie,Vasenkov,cvasenkovbi@pinterest.com.invalid,(214) 223-2476,71261 Iowa Place,Dallas,TX,75353,United States,Lamb
416,6,Invited - Pending Response,2020-01-01,2,Kenna,Veel,kveelbj@facebook.com.invalid,(212) 447-9094,5 North Park,New York City,NY,10079,United States,Pasta
417,7,Invited - Pending Response,2020-02-05,2,Brian,Delepine,bdelepinebk@vimeo.com.invalid,(816) 954-7967,357 Leroy Drive,Kansas City,MO,64144,United States,Chicken
418,8,Invited - Pending Response,2020-03-15,3,Vonny,Beslier,vbeslierbl@cocolog-nifty.com.invalid,(402) 617-9690,94339 Arapahoe Pass,Omaha,NE,68197,United States,
419,9,Attending,2020-04-01,2,Vaclav,Quimby,vquimbybm@meetup.com.invalid,(909) 474-8688,5149 Arkansas Pass,San Bernardino,CA,92405,United States,
420,10,Not Attending,2020-05-01,1,Marga,Grier,mgrierbn@dell.com.invalid,(816) 282-3638,134 Redwing Circle,Saint Joseph,MO,64504,United States,Lamb
421,1,Not Yet Invited,,,Newton,Bartlomiej,nbartlomiejbo@usgs.gov.invalid,(315) 589-1364,28 Cordelia Point,Syracuse,NY,13251,United States,Pasta
422,2,Not Yet Invited,,,Catherina,Shipley,cshipleybp@ocn.ne.jp.invalid,(251) 278-7054,3 Kedzie Hill,Mobile,AL,36610,United States,Pasta
423,3,Not Yet Invited,,,Dasie,Hattrick,dhattrickbq@vkontakte.ru.invalid,(720) 925-4081,14613 Mosinee Way,Aurora,CO,80015,United States,Fish
424,4,Not Yet Invited,,,Elenore,Burrett,eburrettbr@arstechnica.com.invalid,(209) 334-6287,8 Saint Paul Junction,Stockton,CA,95210,United States,
425,5,Not Yet Invited,,,Lebbie,Nettle,lnettlebs@phpbb.com.invalid,(202) 717-4884,9316 Norway Maple Avenue,Washington,DC,20442,United States,Vegetarian
426,6,Invited - Pending Response,2020-01-01,2,Kelcey,Jenkin,kjenkinbt@free.fr.invalid,(518) 346-3519,8816 Clyde Gallagher Pass,Schenectady,NY,12305,United States,Fish
427,7,Invited - Pending Response,2020-02-05,1,Gayler,MacMeeking,gmacmeekingbu@slideshare.net.invalid,(865) 683-4270,64 Tennessee Lane,Knoxville,TN,37914,United States,Crab
428,8,Invited - Pending Response,2020-03-15,3,Roi,Slowgrave,rslowgravebv@istockphoto.com.invalid,(203) 830-9315,4198 Wayridge Road,Waterbury,CT,6721,United States,
429,9,Attending,2020-04-01,2,Jonis,Aneley,janeleybw@4shared.com.invalid,(479) 425-6154,543 Dovetail Road,Fort Smith,AR,72916,United States,
430,10,Attending,2020-05-01,2,Roanna,Cornewell,rcornewellbx@cbsnews.com.invalid,(303) 556-4827,6584 Sundown Hill,Denver,CO,80299,United States,Chicken
431,1,Not Yet Invited,,,Connie,Dombrell,cdombrellby@freewebs.com.invalid,(510) 980-7092,46 Summerview Avenue,Oakland,CA,94605,United States,Pasta
432,2,Not Yet Invited,,,Stephine,Cowdrey,scowdreybz@addtoany.com.invalid,(716) 260-5884,36912 Ryan Circle,Buffalo,NY,14215,United States,Steak
433,3,Not Yet Invited,,,Darby,Westcarr,dwestcarrc0@alibaba.com.invalid,(757) 527-1195,52 Washington Avenue,Newport News,VA,23605,United States,Chicken
434,4,Not Yet Invited,,,Norby,Delahunty,ndelahuntyc1@geocities.com.invalid,(478) 580-3063,259 Hintze Park,Macon,GA,31296,United States,
435,5,Not Yet Invited,,,Shawn,Roderham,sroderhamc2@themeforest.net.invalid,(704) 542-5467,486 Kropf Alley,Charlotte,NC,28299,United States,Lamb
436,6,Invited - Pending Response,2020-01-01,2,Antoine,Gisburn,agisburnc3@scribd.com.invalid,(309) 348-8576,77 Ryan Park,Bloomington,IL,61709,United States,Pasta
437,7,Invited - Pending Response,2020-02-05,1,Kacy,Simmance,ksimmancec4@theglobeandmail.com.invalid,(702) 417-8127,84 Lerdahl Avenue,Las Vegas,NV,89150,United States,Chicken
438,8,Invited - Pending Response,2020-03-15,3,Ralf,Settle,rsettlec5@feedburner.com.invalid,(915) 911-5570,06 Bartillon Avenue,El Paso,TX,79928,United States,
439,9,Attending,2020-04-01,3,Hedy,Broadberry,hbroadberryc6@about.me.invalid,(202) 425-3340,49791 Vahlen Lane,Alexandria,VA,22301,United States,
440,10,Attending,2020-05-01,1,Danella,Angier,dangierc7@opera.com.invalid,(913) 964-0055,429 Lillian Court,Shawnee Mission,KS,66276,United States,Chicken
441,1,Not Yet Invited,,,Rosana,Wolfe,rwolfec8@sitemeter.com.invalid,(913) 680-9262,411 Sachs Plaza,Shawnee Mission,KS,66215,United States,Chicken
442,2,Not Yet Invited,,,Saunder,Toplin,stoplinc9@symantec.com.invalid,(808) 510-1253,296 Del Sol Parkway,Honolulu,HI,96810,United States,Pasta
443,3,Not Yet Invited,,,Enrique,Linster,elinsterca@intel.com.invalid,(813) 860-6578,33 Calypso Hill,Tampa,FL,33633,United States,Fish
444,4,Not Yet Invited,,,Woodie,Giblin,wgiblincb@vk.com.invalid,(502) 324-4727,2 Oneill Center,Louisville,KY,40250,United States,
445,5,Not Yet Invited,,,Ab,Rawdales,arawdalescc@phpbb.com.invalid,(940) 807-4727,9 Trailsway Avenue,Wichita Falls,TX,76310,United States,Vegetarian
446,6,Invited - Pending Response,2020-01-01,2,Salvatore,Wintringham,swintringhamcd@prnewswire.com.invalid,(000) 615-8101,83718 Lake View Way,Pittsburgh,PA,15266,United States,Fish
447,7,Invited - Pending Response,2020-02-05,1,Gertrude,Fackney,gfackneyce@webmd.com.invalid,(720) 107-2752,73535 Michigan Street,Littleton,CO,80161,United States,Crab
448,8,Invited - Pending Response,2020-03-15,1,Morrie,Goodbourn,mgoodbourncf@ucoz.com.invalid,(719) 493-9771,70 Hollow Ridge Hill,Colorado Springs,CO,80951,United States,
449,9,Attending,2020-04-01,3,Kyrstin,Kubu,kkubucg@mediafire.com.invalid,(334) 287-2951,14821 Hooker Court,Montgomery,AL,36109,United States,
450,10,Attending,2020-05-01,3,Jemima,Bill,jbillch@list-manage.com.invalid,(202) 526-9423,2 Montana Lane,Washington,DC,20591,United States,Pasta
451,1,Not Yet Invited,,,Brewster,Henkmann,bhenkmannci@tmall.com.invalid,(862) 343-3432,012 Drewry Circle,Paterson,NJ,7505,United States,Steak
452,2,Not Yet Invited,,,Hilly,Chaloner,hchalonercj@reuters.com.invalid,(330) 910-3331,8 Esch Junction,Youngstown,OH,44505,United States,Steak
453,3,Not Yet Invited,,,Arlin,Boram,aboramck@reuters.com.invalid,(682) 360-4759,8879 Granby Center,Fort Worth,TX,76198,United States,Chicken
454,4,Not Yet Invited,,,Ruthy,MacIlhargy,rmacilhargycl@privacy.gov.au.invalid,(978) 288-6111,74 Thompson Junction,Waltham,MA,2453,United States,
455,5,Not Yet Invited,,,Florella,Kuhnhardt,fkuhnhardtcm@google.com.au.invalid,(719) 846-8851,8 Londonderry Point,Colorado Springs,CO,80915,United States,Lamb
456,6,Invited - Pending Response,2020-01-01,3,Miner,Danev,mdanevcn@google.de.invalid,(812) 600-7953,67 Fieldstone Way,Evansville,IN,47719,United States,Pasta
457,7,Invited - Pending Response,2020-02-05,2,Berke,Keoghan,bkeoghanco@deliciousdays.com.invalid,(212) 238-9177,2 Burrows Drive,New York City,NY,10039,United States,Chicken
458,8,Invited - Pending Response,2020-03-15,3,Guilbert,Tomei,gtomeicp@elegantthemes.com.invalid,(404) 173-1472,1 Laurel Road,Atlanta,GA,30375,United States,
459,9,Attending,2020-04-01,2,Muffin,Besant,mbesantcq@washington.edu.invalid,(260) 602-0394,8221 Welch Parkway,Fort Wayne,IN,46862,United States,
460,10,Attending,2020-05-01,1,Ermanno,Glendining,eglendiningcr@list-manage.com.invalid,(281) 501-4680,8083 Burrows Street,Houston,TX,77060,United States,Lamb
461,1,Not Yet Invited,,,Carey,Pouton,cpoutoncs@over-blog.com.invalid,(907) 449-1840,7042 Walton Lane,Anchorage,AK,99599,United States,Pasta
462,2,Not Yet Invited,,,Corinne,Gullivan,cgullivanct@sbwire.com.invalid,(713) 658-4755,3 Mendota Terrace,Houston,TX,77245,United States,Pasta
463,3,Not Yet Invited,,,Aigneis,Billyard,abillyardcu@pen.io.invalid,(512) 146-1454,35555 Bashford Trail,Austin,TX,78715,United States,Fish
464,4,Not Yet Invited,,,Kippie,Fettis,kfettiscv@behance.net.invalid,(304) 964-5919,9 Jackson Point,Charleston,WV,25362,United States,
465,5,Not Yet Invited,,,Nigel,McMurrugh,nmcmurrughcw@mayoclinic.com.invalid,(214) 907-3861,206 Riverside Pass,Dallas,TX,75387,United States,Vegetarian
466,6,Invited - Pending Response,2020-01-01,2,Nicole,Goaley,ngoaleycx@craigslist.org.invalid,(616) 328-6284,56157 Vera Street,Grand Rapids,MI,49518,United States,Fish
467,7,Invited - Pending Response,2020-02-05,3,Alvinia,Stithe,astithecy@chron.com.invalid,(816) 534-0811,152 Mcbride Crossing,Kansas City,MO,64187,United States,Crab
468,8,Invited - Pending Response,2020-03-15,2,Enrika,McTurley,emcturleycz@mozilla.org.invalid,(508) 173-2438,85 Eastlawn Park,Worcester,MA,1605,United States,
469,9,Attending,2020-04-01,2,Penny,Heaker,pheakerd0@i2i.jp.invalid,(718) 365-3185,1273 Vidon Place,Staten Island,NY,10305,United States,
470,10,Not Attending,2020-05-01,1,Sibylle,Challenor,schallenord1@php.net.invalid,(856) 672-1029,29 Crescent Oaks Terrace,Camden,NJ,8104,United States,Chicken
471,1,Not Yet Invited,,,Romonda,Kleinmintz,rkleinmintzd2@addthis.com.invalid,(818) 181-4266,97 Sutteridge Crossing,Glendale,CA,91210,United States,Pasta
472,2,Not Yet Invited,,,William,Mellmoth,wmellmothd3@wikispaces.com.invalid,(614) 509-1886,08046 Clove Hill,Columbus,OH,43220,United States,Steak
473,3,Not Yet Invited,,,Chiarra,Geill,cgeilld4@nasa.gov.invalid,(916) 382-0911,7 Gale Trail,Sacramento,CA,95818,United States,Chicken
474,4,Not Yet Invited,,,Bobbie,Bahia,bbahiad5@yolasite.com.invalid,(713) 177-9372,97 Oakridge Road,Houston,TX,77228,United States,
475,5,Not Yet Invited,,,Ulrica,Navein,unaveind6@tripod.com.invalid,(765) 107-8501,7889 Ohio Circle,Anderson,IN,46015,United States,Lamb
476,6,Invited - Pending Response,2020-01-01,2,Charlot,Lorenzetto,clorenzettod7@nytimes.com.invalid,(917) 710-2081,3 Sage Circle,Jamaica,NY,11470,United States,Pasta
477,7,Invited - Pending Response,2020-02-05,3,Emilee,Blazevic,eblazevicd8@ebay.com.invalid,(585) 719-2595,0875 Northfield Drive,Rochester,NY,14639,United States,Chicken
478,8,Invited - Pending Response,2020-03-15,3,Kalie,Nassi,knassid9@yale.edu.invalid,(971) 423-9757,70397 Northfield Park,Portland,OR,97232,United States,
479,9,Attending,2020-04-01,2,Lenette,Few,lfewda@eventbrite.com.invalid,(615) 487-4945,30 Oakridge Point,Nashville,TN,37235,United States,
480,10,Attending,2020-05-01,1,Lotte,Stittle,lstittledb@usda.gov.invalid,(586) 928-8501,75 Sheridan Avenue,Detroit,MI,48211,United States,Chicken
481,1,Not Yet Invited,,,Maurine,Castano,mcastanodc@skype.com.invalid,(865) 621-6557,11 Holmberg Junction,Knoxville,TN,37919,United States,Chicken
482,2,Not Yet Invited,,,Timotheus,Duetschens,tduetschensdd@google.es.invalid,(202) 698-9467,7437 Muir Court,Washington,DC,20557,United States,Pasta
483,3,Not Yet Invited,,,Flossi,Sambles,fsamblesde@tamu.edu.invalid,(260) 871-8885,32 Debra Center,Fort Wayne,IN,46825,United States,Fish
484,4,Not Yet Invited,,,Hamlin,Cahani,hcahanidf@google.com.br.invalid,(206) 211-2968,5 Maryland Junction,Seattle,WA,98140,United States,
485,5,Not Yet Invited,,,Helene,Hizir,hhizirdg@google.nl.invalid,(518) 146-8360,6 Ruskin Place,Schenectady,NY,12305,United States,Vegetarian
486,6,Invited - Pending Response,2020-01-01,1,Ira,Rowlstone,irowlstonedh@paypal.com.invalid,(972) 939-8352,5694 Maple Park,Dallas,TX,75287,United States,Fish
487,7,Invited - Pending Response,2020-02-05,2,Dilly,Polle,dpolledi@phoca.cz.invalid,(615) 552-2112,659 Fair Oaks Avenue,Nashville,TN,37228,United States,Crab
488,8,Invited - Pending Response,2020-03-15,3,Ludwig,Tansey,ltanseydj@usnews.com.invalid,(213) 410-9331,429 Mallory Lane,Los Angeles,CA,90101,United States,
489,9,Attending,2020-04-01,2,Nanni,Boyde,nboydedk@discuz.net.invalid,(480) 898-5872,7817 Coolidge Court,Mesa,AZ,85215,United States,
490,10,Attending,2020-05-01,2,Kimbra,Howkins,khowkinsdl@flickr.com.invalid,(816) 532-1969,86266 Maple Wood Street,Shawnee Mission,KS,66205,United States,Pasta
491,1,Not Yet Invited,,,Sherlock,McCarver,smccarverdm@woothemes.com.invalid,(440) 458-3013,6 American Place,Cleveland,OH,44130,United States,Steak
492,2,Not Yet Invited,,,Esme,Korf,ekorfdn@state.tx.us.invalid,(248) 905-8944,7 Maryland Way,Troy,MI,48098,United States,Steak
493,3,Not Yet Invited,,,Francisco,Bremley,fbremleydo@de.vu.invalid,(510) 529-5061,690 Cordelia Terrace,Oakland,CA,94660,United States,Chicken
494,4,Not Yet Invited,,,Coop,Ronaldson,cronaldsondp@sohu.com.invalid,(408) 703-1362,68 Spohn Pass,San Jose,CA,95108,United States,
495,5,Not Yet Invited,,,Jilli,Cudihy,jcudihydq@privacy.gov.au.invalid,(801) 472-5073,03 Eagle Crest Avenue,Salt Lake City,UT,84135,United States,Lamb
496,6,Invited - Pending Response,2020-01-01,3,Jacynth,Jodrelle,jjodrelledr@weebly.com.invalid,(504) 466-3494,61741 Fulton Point,New Orleans,LA,70149,United States,Pasta
497,7,Invited - Pending Response,2020-02-05,3,Melva,Martinie,mmartinieds@apple.com.invalid,(214) 689-0572,36610 Westridge Crossing,Garland,TX,75049,United States,Chicken
498,8,Invited - Pending Response,2020-03-15,2,Murray,Waddilove,mwaddilovedt@list-manage.com.invalid,(915) 213-5426,099 Tennessee Alley,El Paso,TX,88546,United States,
499,9,Attending,2020-04-01,3,Pattin,Goad,pgoaddu@ca.gov.invalid,(850) 107-3112,61854 Algoma Center,Pinellas Park,FL,34665,United States,
500,10,Attending,2020-05-01,2,Flossie,Fransson,ffranssondv@tinyurl.com.invalid,(601) 153-1852,725 Heffernan Place,Jackson,MS,39210,United States,Lamb